intent,response
greeting,Xin chÃ o! MÃ¬nh cÃ³ thá»ƒ giÃºp gÃ¬ cho báº¡n hÃ´m nay?!
greeting,Xin chÃ o! MÃ¬nh cÃ³ thá»ƒ giÃºp gÃ¬ cho báº¡n hÃ´m nay?
greeting,Xin chÃ o! MÃ¬nh cÃ³ thá»ƒ giÃºp gÃ¬ cho báº¡n hÃ´m nay? ğŸ˜Š
greeting,Xin chÃ o! MÃ¬nh cÃ³ thá»ƒ giÃºp gÃ¬ cho báº¡n hÃ´m nay? nhÃ©!
ask_price,Báº¡n muá»‘n há»i má»©c giÃ¡ cá»§a mÃ³n hÃ ng nÃ o váº­y?!
ask_price,Báº¡n muá»‘n há»i giÃ¡ cá»§a sáº£n pháº©m nÃ o váº­y?
ask_price,Báº¡n muá»‘n há»i chi phÃ­ cá»§a máº·t hÃ ng nÃ o váº­y?!
ask_price,Báº¡n muá»‘n há»i chi phÃ­ cá»§a mÃ³n hÃ ng nÃ o váº­y?!
ask_price,Báº¡n muá»‘n há»i chi phÃ­ cá»§a mÃ³n hÃ ng nÃ o váº­y? ğŸ˜Š
find_product,Äá»ƒ mÃ¬nh xem cÃ³ nhá»¯ng máº·t hÃ ng nÃ o phÃ¹ há»£p nhÃ©: nhÃ©!
find_product,Äá»ƒ mÃ¬nh xem cÃ³ nhá»¯ng mÃ³n hÃ ng nÃ o phÃ¹ há»£p nhÃ©: ğŸ˜Š
find_product,Äá»ƒ mÃ¬nh xem cÃ³ nhá»¯ng sáº£n pháº©m nÃ o phÃ¹ há»£p nhÃ©:
find_product,Äá»ƒ mÃ¬nh xem cÃ³ nhá»¯ng Ä‘á»“ nÃ o phÃ¹ há»£p nhÃ©: nhÃ©!
recommend_gift,"Báº¡n Ä‘á»‹nh táº­u mÃ³n quÃ  cho ai áº¡ (báº¡n gÃ¡i, máº¹, báº¡n bÃ¨...)?!"
recommend_gift,"Báº¡n Ä‘á»‹nh mua quÃ  cho ai áº¡ (báº¡n gÃ¡i, máº¹, báº¡n bÃ¨...)?"
recommend_gift,"Báº¡n Ä‘á»‹nh táº­u quÃ  táº·ng cho ai áº¡ (báº¡n gÃ¡i, máº¹, báº¡n bÃ¨...)? ğŸ˜Š"
recommend_gift,"Báº¡n Ä‘á»‹nh táº­u mÃ³n quÃ  cho ai áº¡ (báº¡n gÃ¡i, máº¹, báº¡n bÃ¨...)? ğŸ˜Š"
recommend_gift,"Báº¡n Ä‘á»‹nh mua sáº¯m mÃ³n quÃ  cho ai áº¡ (báº¡n gÃ¡i, máº¹, báº¡n bÃ¨...)? ğŸ˜Š"
recommend_gift,"Báº¡n Ä‘á»‹nh mua sáº¯m mÃ³n quÃ  cho ai áº¡ (báº¡n gÃ¡i, máº¹, báº¡n bÃ¨...)? nhÃ©!"
thanks,Cáº£m Æ¡n báº¡n! Ráº¥t vui Ä‘Æ°á»£c giÃºp.!
thanks,Cáº£m Æ¡n báº¡n! Ráº¥t vui Ä‘Æ°á»£c giÃºp.
thanks,Cáº£m Æ¡n báº¡n! Ráº¥t vui Ä‘Æ°á»£c giÃºp. nhÃ©!
goodbye,"Táº¡m biá»‡t, háº¹n gáº·p láº¡i báº¡n sau nhÃ©!"
goodbye,"Táº¡m biá»‡t, háº¹n gáº·p láº¡i báº¡n sau nhÃ©!!"
goodbye,"Táº¡m biá»‡t, háº¹n gáº·p láº¡i báº¡n sau nhÃ©! ğŸ˜Š"
goodbye,"Táº¡m biá»‡t, háº¹n gáº·p láº¡i báº¡n sau nhÃ©! nhÃ©!"
unknown,"Xin lá»—i, mÃ¬nh chÆ°a hiá»ƒu rÃµ cÃ¢u há»i cá»§a báº¡n. Báº¡n nÃ³i cá»¥ thá»ƒ hÆ¡n Ä‘Æ°á»£c khÃ´ng?"
unknown,"Xin lá»—i, mÃ¬nh chÆ°a hiá»ƒu rÃµ cÃ¢u há»i cá»§a báº¡n. Báº¡n nÃ³i cá»¥ thá»ƒ hÆ¡n Ä‘Æ°á»£c khÃ´ng?!"
unknown,"Xin lá»—i, mÃ¬nh chÆ°a hiá»ƒu rÃµ cÃ¢u há»i cá»§a báº¡n. Báº¡n nÃ³i cá»¥ thá»ƒ hÆ¡n Ä‘Æ°á»£c khÃ´ng? ğŸ˜Š"
product_availability,Sáº£n pháº©m nÃ y hiá»‡n cÃ³ trong kho nhÃ©!
product_availability,Sáº£n pháº©m nÃ y hiá»‡n cÃ³ trong kho nhÃ©! ğŸ˜Š
product_availability,Sáº£n pháº©m nÃ y hiá»‡n cÃ³ trong kho nhÃ©!!
product_availability,Sáº£n pháº©m nÃ y hiá»‡n cÃ³ trong kho nhÃ©! nhÃ©!
product_out_of_stock,"Ráº¥t tiáº¿c, máº·t hÃ ng nÃ y hiá»‡n Ä‘ang háº¿t hÃ ng. ğŸ˜Š"
product_out_of_stock,"Ráº¥t tiáº¿c, mÃ³n hÃ ng nÃ y hiá»‡n Ä‘ang háº¿t hÃ ng. nhÃ©!"
product_out_of_stock,"Ráº¥t tiáº¿c, sáº£n pháº©m nÃ y hiá»‡n Ä‘ang háº¿t hÃ ng."
product_out_of_stock,"Ráº¥t tiáº¿c, mÃ³n hÃ ng nÃ y hiá»‡n Ä‘ang háº¿t hÃ ng. ğŸ˜Š"
product_out_of_stock,"Ráº¥t tiáº¿c, Ä‘á»“ nÃ y hiá»‡n Ä‘ang háº¿t hÃ ng. ğŸ˜Š"
delivery_info,ChÃºng tÃ´i cÃ³ há»— trá»£ giao hÃ ng táº­n nÆ¡i. Báº¡n muá»‘n giao tá»›i Ä‘Ã¢u?
delivery_info,ChÃºng tÃ´i cÃ³ há»— trá»£ giao hÃ ng táº­n nÆ¡i. Báº¡n muá»‘n giao tá»›i Ä‘Ã¢u? nhÃ©!
delivery_info,ChÃºng tÃ´i cÃ³ há»— trá»£ giao hÃ ng táº­n nÆ¡i. Báº¡n muá»‘n giao tá»›i Ä‘Ã¢u? ğŸ˜Š
store_location,"Cá»­a hÃ ng chÃºng tÃ´i náº±m táº¡i sá»‘ 123, Ä‘Æ°á»ng ABC, quáº­n XYZ. nhÃ©!"
store_location,"Cá»­a hÃ ng chÃºng tÃ´i náº±m táº¡i sá»‘ 123, Ä‘Æ°á»ng ABC, quáº­n XYZ.!"
store_location,"Cá»­a hÃ ng chÃºng tÃ´i náº±m táº¡i sá»‘ 123, Ä‘Æ°á»ng ABC, quáº­n XYZ."
return_policy,Báº¡n cÃ³ thá»ƒ tráº£ hoáº·c Ä‘á»•i Ä‘á»“ trong vÃ²ng 7 ngÃ y ká»ƒ tá»« khi nháº­n hÃ ng. ğŸ˜Š
return_policy,Báº¡n cÃ³ thá»ƒ tráº£ hoáº·c Ä‘á»•i máº·t hÃ ng trong vÃ²ng 7 ngÃ y ká»ƒ tá»« khi nháº­n hÃ ng.!
return_policy,Báº¡n cÃ³ thá»ƒ tráº£ hoáº·c Ä‘á»•i sáº£n pháº©m trong vÃ²ng 7 ngÃ y ká»ƒ tá»« khi nháº­n hÃ ng.
return_policy,Báº¡n cÃ³ thá»ƒ tráº£ hoáº·c Ä‘á»•i Ä‘á»“ trong vÃ²ng 7 ngÃ y ká»ƒ tá»« khi nháº­n hÃ ng. nhÃ©!
return_policy,Báº¡n cÃ³ thá»ƒ tráº£ hoáº·c Ä‘á»•i mÃ³n hÃ ng trong vÃ²ng 7 ngÃ y ká»ƒ tá»« khi nháº­n hÃ ng. ğŸ˜Š
payment_methods,"ChÃºng tÃ´i cháº¥p nháº­n thanh toÃ¡n báº±ng tháº», chuyá»ƒn khoáº£n hoáº·c tiá»n máº·t. ğŸ˜Š"
payment_methods,"ChÃºng tÃ´i cháº¥p nháº­n thanh toÃ¡n báº±ng tháº», chuyá»ƒn khoáº£n hoáº·c tiá»n máº·t.!"
payment_methods,"ChÃºng tÃ´i cháº¥p nháº­n thanh toÃ¡n báº±ng tháº», chuyá»ƒn khoáº£n hoáº·c tiá»n máº·t."
payment_methods,"ChÃºng tÃ´i cháº¥p nháº­n thanh toÃ¡n báº±ng tháº», chuyá»ƒn khoáº£n hoáº·c tiá»n máº·t. nhÃ©!"
gift_wrapping,ChÃºng tÃ´i cÃ³ gÃ³i mÃ³n quÃ  miá»…n phÃ­. Báº¡n cÃ³ muá»‘n gÃ³i khÃ´ng?!
gift_wrapping,ChÃºng tÃ´i cÃ³ gÃ³i quÃ  miá»…n phÃ­. Báº¡n cÃ³ muá»‘n gÃ³i khÃ´ng?
gift_wrapping,ChÃºng tÃ´i cÃ³ gÃ³i quÃ  táº·ng miá»…n phÃ­. Báº¡n cÃ³ muá»‘n gÃ³i khÃ´ng?!
gift_wrapping,ChÃºng tÃ´i cÃ³ gÃ³i táº·ng pháº©m miá»…n phÃ­. Báº¡n cÃ³ muá»‘n gÃ³i khÃ´ng? nhÃ©!
gift_wrapping,ChÃºng tÃ´i cÃ³ gÃ³i mÃ³n quÃ  miá»…n phÃ­. Báº¡n cÃ³ muá»‘n gÃ³i khÃ´ng? ğŸ˜Š
promotion_info,Hiá»‡n Ä‘ang cÃ³ chÆ°Æ¡ng trÃ¬nh giáº£m giÃ¡ tiá»n 10% cho khÃ¡ch hÃ ng thÃ¢n thiáº¿t. ğŸ˜Š
promotion_info,Hiá»‡n Ä‘ang cÃ³ chÆ°Æ¡ng trÃ¬nh giáº£m má»©c giÃ¡ 10% cho khÃ¡ch hÃ ng thÃ¢n thiáº¿t. ğŸ˜Š
promotion_info,Hiá»‡n Ä‘ang cÃ³ chÆ°Æ¡ng trÃ¬nh giáº£m giÃ¡ tiá»n 10% cho khÃ¡ch hÃ ng thÃ¢n thiáº¿t.!
promotion_info,Hiá»‡n Ä‘ang cÃ³ chÆ°Æ¡ng trÃ¬nh giáº£m giÃ¡ 10% cho khÃ¡ch hÃ ng thÃ¢n thiáº¿t.
promotion_info,Hiá»‡n Ä‘ang cÃ³ chÆ°Æ¡ng trÃ¬nh giáº£m chi phÃ­ 10% cho khÃ¡ch hÃ ng thÃ¢n thiáº¿t.!
promotion_info,Hiá»‡n Ä‘ang cÃ³ chÆ°Æ¡ng trÃ¬nh giáº£m má»©c giÃ¡ 10% cho khÃ¡ch hÃ ng thÃ¢n thiáº¿t.!
product_material,Sáº£n pháº©m Ä‘Æ°á»£c lÃ m tá»« gá»—/Ä‘Ã¡/gá»‘m sá»© tÃ¹y loáº¡i. ğŸ˜Š
product_material,Sáº£n pháº©m Ä‘Æ°á»£c lÃ m tá»« gá»—/Ä‘Ã¡/gá»‘m sá»© tÃ¹y loáº¡i.
product_material,Sáº£n pháº©m Ä‘Æ°á»£c lÃ m tá»« gá»—/Ä‘Ã¡/gá»‘m sá»© tÃ¹y loáº¡i. nhÃ©!
product_size,"Sáº£n pháº©m cÃ³ nhiá»u kÃ­ch thÆ°á»›c khÃ¡c nhau, báº¡n muá»‘n xem size nÃ o? nhÃ©!"
product_size,"Sáº£n pháº©m cÃ³ nhiá»u kÃ­ch thÆ°á»›c khÃ¡c nhau, báº¡n muá»‘n xem size nÃ o?"
product_size,"Sáº£n pháº©m cÃ³ nhiá»u kÃ­ch thÆ°á»›c khÃ¡c nhau, báº¡n muá»‘n xem size nÃ o? ğŸ˜Š"
product_color_options,"Sáº£n pháº©m cÃ³ cÃ¡c mÃ u: Ä‘á», xanh, vÃ ng, tráº¯ng. ğŸ˜Š"
product_color_options,"Sáº£n pháº©m cÃ³ cÃ¡c mÃ u: Ä‘á», xanh, vÃ ng, tráº¯ng.!"
product_color_options,"Sáº£n pháº©m cÃ³ cÃ¡c mÃ u: Ä‘á», xanh, vÃ ng, tráº¯ng."
product_color_options,"Sáº£n pháº©m cÃ³ cÃ¡c mÃ u: Ä‘á», xanh, vÃ ng, tráº¯ng. nhÃ©!"
order_status,Báº¡n vui lÃ²ng cung cáº¥p mÃ£ Ä‘Æ¡n hÃ ng Ä‘á»ƒ mÃ¬nh kiá»ƒm tra nhÃ©.!
order_status,Báº¡n vui lÃ²ng cung cáº¥p mÃ£ Ä‘Æ¡n hÃ ng Ä‘á»ƒ mÃ¬nh kiá»ƒm tra nhÃ©.
order_status,Báº¡n vui lÃ²ng cung cáº¥p mÃ£ Ä‘Æ¡n hÃ ng Ä‘á»ƒ mÃ¬nh kiá»ƒm tra nhÃ©. nhÃ©!
order_status,Báº¡n vui lÃ²ng cung cáº¥p mÃ£ Ä‘Æ¡n hÃ ng Ä‘á»ƒ mÃ¬nh kiá»ƒm tra nhÃ©. ğŸ˜Š
custom_order,ChÃºng tÃ´i cÃ³ nháº­n Ä‘áº·t hÃ ng theo yÃªu cáº§u. Báº¡n muá»‘n thiáº¿t káº¿ nhÆ° tháº¿ nÃ o? nhÃ©!
custom_order,ChÃºng tÃ´i cÃ³ nháº­n Ä‘áº·t hÃ ng theo yÃªu cáº§u. Báº¡n muá»‘n thiáº¿t káº¿ nhÆ° tháº¿ nÃ o?
custom_order,ChÃºng tÃ´i cÃ³ nháº­n Ä‘áº·t hÃ ng theo yÃªu cáº§u. Báº¡n muá»‘n thiáº¿t káº¿ nhÆ° tháº¿ nÃ o?!
custom_order,ChÃºng tÃ´i cÃ³ nháº­n Ä‘áº·t hÃ ng theo yÃªu cáº§u. Báº¡n muá»‘n thiáº¿t káº¿ nhÆ° tháº¿ nÃ o? ğŸ˜Š
return_process,Báº¡n chá»‰ cáº§n mang sáº£n pháº©m Ä‘áº¿n cá»­a hÃ ng hoáº·c gá»­i láº¡i qua bÆ°u Ä‘iá»‡n.
return_process,Báº¡n chá»‰ cáº§n mang máº·t hÃ ng Ä‘áº¿n cá»­a hÃ ng hoáº·c gá»­i láº¡i qua bÆ°u Ä‘iá»‡n. ğŸ˜Š
return_process,Báº¡n chá»‰ cáº§n mang mÃ³n hÃ ng Ä‘áº¿n cá»­a hÃ ng hoáº·c gá»­i láº¡i qua bÆ°u Ä‘iá»‡n.!
return_process,Báº¡n chá»‰ cáº§n mang Ä‘á»“ Ä‘áº¿n cá»­a hÃ ng hoáº·c gá»­i láº¡i qua bÆ°u Ä‘iá»‡n.!
return_process,Báº¡n chá»‰ cáº§n mang máº·t hÃ ng Ä‘áº¿n cá»­a hÃ ng hoáº·c gá»­i láº¡i qua bÆ°u Ä‘iá»‡n. nhÃ©!
bulk_order,"Náº¿u báº¡n muá»‘n mua sáº¯m sá»‘ lÆ°á»£ng lá»›n, mÃ¬nh cÃ³ thá»ƒ há»— trá»£ bÃ¡o giÃ¡ tiá»n riÃªng.!"
bulk_order,"Náº¿u báº¡n muá»‘n mua sá»‘ lÆ°á»£ng lá»›n, mÃ¬nh cÃ³ thá»ƒ há»— trá»£ bÃ¡o giÃ¡ riÃªng."
bulk_order,"Náº¿u báº¡n muá»‘n sáº¯m sá»‘ lÆ°á»£ng lá»›n, mÃ¬nh cÃ³ thá»ƒ há»— trá»£ bÃ¡o chi phÃ­ riÃªng.!"
bulk_order,"Náº¿u báº¡n muá»‘n mua sáº¯m sá»‘ lÆ°á»£ng lá»›n, mÃ¬nh cÃ³ thá»ƒ há»— trá»£ bÃ¡o chi phÃ­ riÃªng.!"
bulk_order,"Náº¿u báº¡n muá»‘n táº­u sá»‘ lÆ°á»£ng lá»›n, mÃ¬nh cÃ³ thá»ƒ há»— trá»£ bÃ¡o má»©c giÃ¡ riÃªng.!"
bulk_order,"Náº¿u báº¡n muá»‘n mua sáº¯m sá»‘ lÆ°á»£ng lá»›n, mÃ¬nh cÃ³ thá»ƒ há»— trá»£ bÃ¡o má»©c giÃ¡ riÃªng.!"
product_recommendation,Báº¡n cÃ³ thá»ƒ tham kháº£o nhá»¯ng máº·t hÃ ng sau phÃ¹ há»£p vá»›i sá»Ÿ thÃ­ch cá»§a báº¡n. ğŸ˜Š
product_recommendation,Báº¡n cÃ³ thá»ƒ tham kháº£o nhá»¯ng máº·t hÃ ng sau phÃ¹ há»£p vá»›i sá»Ÿ thÃ­ch cá»§a báº¡n. nhÃ©!
product_recommendation,Báº¡n cÃ³ thá»ƒ tham kháº£o nhá»¯ng sáº£n pháº©m sau phÃ¹ há»£p vá»›i sá»Ÿ thÃ­ch cá»§a báº¡n.
product_recommendation,Báº¡n cÃ³ thá»ƒ tham kháº£o nhá»¯ng mÃ³n hÃ ng sau phÃ¹ há»£p vá»›i sá»Ÿ thÃ­ch cá»§a báº¡n.!
product_recommendation,Báº¡n cÃ³ thá»ƒ tham kháº£o nhá»¯ng mÃ³n hÃ ng sau phÃ¹ há»£p vá»›i sá»Ÿ thÃ­ch cá»§a báº¡n. nhÃ©!
loyalty_program,"ChÃºng tÃ´i cÃ³ chÆ°Æ¡ng trÃ¬nh khÃ¡ch hÃ ng thÃ¢n thiáº¿t, báº¡n muá»‘n tham gia khÃ´ng? ğŸ˜Š"
loyalty_program,"ChÃºng tÃ´i cÃ³ chÆ°Æ¡ng trÃ¬nh khÃ¡ch hÃ ng thÃ¢n thiáº¿t, báº¡n muá»‘n tham gia khÃ´ng?"
loyalty_program,"ChÃºng tÃ´i cÃ³ chÆ°Æ¡ng trÃ¬nh khÃ¡ch hÃ ng thÃ¢n thiáº¿t, báº¡n muá»‘n tham gia khÃ´ng? nhÃ©!"
loyalty_program,"ChÃºng tÃ´i cÃ³ chÆ°Æ¡ng trÃ¬nh khÃ¡ch hÃ ng thÃ¢n thiáº¿t, báº¡n muá»‘n tham gia khÃ´ng?!"
store_opening_hours,Cá»­a hÃ ng má»Ÿ tá»« 8h sÃ¡ng Ä‘áº¿n 8h tá»‘i má»—i ngÃ y.!
store_opening_hours,Cá»­a hÃ ng má»Ÿ tá»« 8h sÃ¡ng Ä‘áº¿n 8h tá»‘i má»—i ngÃ y. ğŸ˜Š
store_opening_hours,Cá»­a hÃ ng má»Ÿ tá»« 8h sÃ¡ng Ä‘áº¿n 8h tá»‘i má»—i ngÃ y.
store_contact_info,Báº¡n cÃ³ thá»ƒ liÃªn há»‡ qua sá»‘ 0123-456-789 hoáº·c email shop@example.com. nhÃ©!
store_contact_info,Báº¡n cÃ³ thá»ƒ liÃªn há»‡ qua sá»‘ 0123-456-789 hoáº·c email shop@example.com.
store_contact_info,Báº¡n cÃ³ thá»ƒ liÃªn há»‡ qua sá»‘ 0123-456-789 hoáº·c email shop@example.com. ğŸ˜Š
store_contact_info,Báº¡n cÃ³ thá»ƒ liÃªn há»‡ qua sá»‘ 0123-456-789 hoáº·c email shop@example.com.!
new_arrivals,"Hiá»‡n táº¡i cÃ³ má»™t sá»‘ mÃ³n hÃ ng má»›i vá», báº¡n cÃ³ muá»‘n xem khÃ´ng?!"
new_arrivals,"Hiá»‡n táº¡i cÃ³ má»™t sá»‘ sáº£n pháº©m má»›i vá», báº¡n cÃ³ muá»‘n xem khÃ´ng?"
new_arrivals,"Hiá»‡n táº¡i cÃ³ má»™t sá»‘ Ä‘á»“ má»›i vá», báº¡n cÃ³ muá»‘n xem khÃ´ng? nhÃ©!"
new_arrivals,"Hiá»‡n táº¡i cÃ³ má»™t sá»‘ Ä‘á»“ má»›i vá», báº¡n cÃ³ muá»‘n xem khÃ´ng?!"
new_arrivals,"Hiá»‡n táº¡i cÃ³ má»™t sá»‘ Ä‘á»“ má»›i vá», báº¡n cÃ³ muá»‘n xem khÃ´ng? ğŸ˜Š"
best_seller,Nhá»¯ng máº·t hÃ ng bÃ¡n cháº¡y nháº¥t hiá»‡n táº¡i lÃ  nhá»¯ng mÃ³n nÃ y...!
best_seller,Nhá»¯ng Ä‘á»“ bÃ¡n cháº¡y nháº¥t hiá»‡n táº¡i lÃ  nhá»¯ng mÃ³n nÃ y...!
best_seller,Nhá»¯ng Ä‘á»“ bÃ¡n cháº¡y nháº¥t hiá»‡n táº¡i lÃ  nhá»¯ng mÃ³n nÃ y... nhÃ©!
best_seller,Nhá»¯ng sáº£n pháº©m bÃ¡n cháº¡y nháº¥t hiá»‡n táº¡i lÃ  nhá»¯ng mÃ³n nÃ y...
best_seller,Nhá»¯ng mÃ³n hÃ ng bÃ¡n cháº¡y nháº¥t hiá»‡n táº¡i lÃ  nhá»¯ng mÃ³n nÃ y...!
special_offer,Hiá»‡n cÃ³ chÆ°Æ¡ng trÃ¬nh táº­u 1 táº·ng 1 cho má»™t sá»‘ máº·t hÃ ng.!
special_offer,Hiá»‡n cÃ³ chÆ°Æ¡ng trÃ¬nh mua 1 táº·ng 1 cho má»™t sá»‘ sáº£n pháº©m.
special_offer,Hiá»‡n cÃ³ chÆ°Æ¡ng trÃ¬nh sáº¯m 1 táº·ng 1 cho má»™t sá»‘ máº·t hÃ ng.!
special_offer,Hiá»‡n cÃ³ chÆ°Æ¡ng trÃ¬nh mua sáº¯m 1 táº·ng 1 cho má»™t sá»‘ mÃ³n hÃ ng. nhÃ©!
special_offer,Hiá»‡n cÃ³ chÆ°Æ¡ng trÃ¬nh sáº¯m 1 táº·ng 1 cho má»™t sá»‘ Ä‘á»“. ğŸ˜Š
product_description,"Sáº£n pháº©m nÃ y ráº¥t tinh xáº£o, thÃ­ch há»£p lÃ m mÃ³n quÃ  lÆ°u niá»‡m.!"
product_description,"Sáº£n pháº©m nÃ y ráº¥t tinh xáº£o, thÃ­ch há»£p lÃ m quÃ  lÆ°u niá»‡m."
product_description,"Sáº£n pháº©m nÃ y ráº¥t tinh xáº£o, thÃ­ch há»£p lÃ m quÃ  táº·ng lÆ°u niá»‡m.!"
product_description,"Sáº£n pháº©m nÃ y ráº¥t tinh xáº£o, thÃ­ch há»£p lÃ m quÃ  táº·ng lÆ°u niá»‡m. ğŸ˜Š"
complaint_handling,"MÃ¬nh ráº¥t tiáº¿c vá» tráº£i nghiá»‡m cá»§a báº¡n, báº¡n cÃ³ thá»ƒ mÃ´ táº£ sá»± cá»‘ Ä‘á»ƒ mÃ¬nh há»— trá»£? ğŸ˜Š"
complaint_handling,"MÃ¬nh ráº¥t tiáº¿c vá» tráº£i nghiá»‡m cá»§a báº¡n, báº¡n cÃ³ thá»ƒ mÃ´ táº£ sá»± cá»‘ Ä‘á»ƒ mÃ¬nh há»— trá»£? nhÃ©!"
complaint_handling,"MÃ¬nh ráº¥t tiáº¿c vá» tráº£i nghiá»‡m cá»§a báº¡n, báº¡n cÃ³ thá»ƒ mÃ´ táº£ sá»± cá»‘ Ä‘á»ƒ mÃ¬nh há»— trá»£?"
complaint_handling,"MÃ¬nh ráº¥t tiáº¿c vá» tráº£i nghiá»‡m cá»§a báº¡n, báº¡n cÃ³ thá»ƒ mÃ´ táº£ sá»± cá»‘ Ä‘á»ƒ mÃ¬nh há»— trá»£?!"
feedback_request,Báº¡n cÃ³ thá»ƒ cho mÃ¬nh biáº¿t cáº£m nháº­n vá» máº·t hÃ ng khÃ´ng? nhÃ©!
feedback_request,Báº¡n cÃ³ thá»ƒ cho mÃ¬nh biáº¿t cáº£m nháº­n vá» mÃ³n hÃ ng khÃ´ng? ğŸ˜Š
feedback_request,Báº¡n cÃ³ thá»ƒ cho mÃ¬nh biáº¿t cáº£m nháº­n vá» mÃ³n hÃ ng khÃ´ng? nhÃ©!
feedback_request,Báº¡n cÃ³ thá»ƒ cho mÃ¬nh biáº¿t cáº£m nháº­n vá» Ä‘á»“ khÃ´ng? nhÃ©!
feedback_request,Báº¡n cÃ³ thá»ƒ cho mÃ¬nh biáº¿t cáº£m nháº­n vá» sáº£n pháº©m khÃ´ng?
product_recommend_for_birthday,"Náº¿u báº¡n muá»‘n táº·ng sinh nháº­t, mÃ¬nh gá»£i Ã½ nhá»¯ng mÃ³n mÃ³n quÃ  nÃ y... nhÃ©!"
product_recommend_for_birthday,"Náº¿u báº¡n muá»‘n táº·ng sinh nháº­t, mÃ¬nh gá»£i Ã½ nhá»¯ng mÃ³n quÃ  táº·ng nÃ y... ğŸ˜Š"
product_recommend_for_birthday,"Náº¿u báº¡n muá»‘n táº·ng sinh nháº­t, mÃ¬nh gá»£i Ã½ nhá»¯ng mÃ³n quÃ  táº·ng nÃ y... nhÃ©!"
product_recommend_for_birthday,"Náº¿u báº¡n muá»‘n táº·ng sinh nháº­t, mÃ¬nh gá»£i Ã½ nhá»¯ng mÃ³n quÃ  nÃ y..."
product_recommend_for_birthday,"Náº¿u báº¡n muá»‘n táº·ng sinh nháº­t, mÃ¬nh gá»£i Ã½ nhá»¯ng mÃ³n táº·ng pháº©m nÃ y... ğŸ˜Š"
product_recommend_for_anniversary,"Náº¿u báº¡n muá»‘n táº·ng ká»· niá»‡m, báº¡n cÃ³ thá»ƒ chá»n nhá»¯ng mÃ³n hÃ ng nÃ y... nhÃ©!"
product_recommend_for_anniversary,"Náº¿u báº¡n muá»‘n táº·ng ká»· niá»‡m, báº¡n cÃ³ thá»ƒ chá»n nhá»¯ng Ä‘á»“ nÃ y... nhÃ©!"
product_recommend_for_anniversary,"Náº¿u báº¡n muá»‘n táº·ng ká»· niá»‡m, báº¡n cÃ³ thá»ƒ chá»n nhá»¯ng mÃ³n hÃ ng nÃ y...!"
product_recommend_for_anniversary,"Náº¿u báº¡n muá»‘n táº·ng ká»· niá»‡m, báº¡n cÃ³ thá»ƒ chá»n nhá»¯ng Ä‘á»“ nÃ y... ğŸ˜Š"
product_recommend_for_anniversary,"Náº¿u báº¡n muá»‘n táº·ng ká»· niá»‡m, báº¡n cÃ³ thá»ƒ chá»n nhá»¯ng sáº£n pháº©m nÃ y..."
product_recommend_for_anniversary,"Náº¿u báº¡n muá»‘n táº·ng ká»· niá»‡m, báº¡n cÃ³ thá»ƒ chá»n nhá»¯ng máº·t hÃ ng nÃ y...!"
product_recommend_for_friend,"Báº¡n muá»‘n táº·ng báº¡n bÃ¨, mÃ¬nh cÃ³ vÃ i gá»£i Ã½ vui nhá»™n Ä‘Ã¢y..."
product_recommend_for_friend,"Báº¡n muá»‘n táº·ng báº¡n bÃ¨, mÃ¬nh cÃ³ vÃ i gá»£i Ã½ vui nhá»™n Ä‘Ã¢y... ğŸ˜Š"
product_recommend_for_friend,"Báº¡n muá»‘n táº·ng báº¡n bÃ¨, mÃ¬nh cÃ³ vÃ i gá»£i Ã½ vui nhá»™n Ä‘Ã¢y... nhÃ©!"
product_recommend_for_parents,"Báº¡n muá»‘n táº·ng bá»‘ máº¹, nhá»¯ng sáº£n pháº©m nÃ y ráº¥t phÃ¹ há»£p."
product_recommend_for_parents,"Báº¡n muá»‘n táº·ng bá»‘ máº¹, nhá»¯ng mÃ³n hÃ ng nÃ y ráº¥t phÃ¹ há»£p. nhÃ©!"
product_recommend_for_parents,"Báº¡n muá»‘n táº·ng bá»‘ máº¹, nhá»¯ng mÃ³n hÃ ng nÃ y ráº¥t phÃ¹ há»£p.!"
product_recommend_for_colleague,"Náº¿u táº·ng Ä‘á»“ng nghiá»‡p, mÃ¬nh gá»£i Ã½ nhá»¯ng mÃ³n táº·ng pháº©m lá»‹ch sá»± vÃ  nhá» gá»n. ğŸ˜Š"
product_recommend_for_colleague,"Náº¿u táº·ng Ä‘á»“ng nghiá»‡p, mÃ¬nh gá»£i Ã½ nhá»¯ng mÃ³n quÃ  lá»‹ch sá»± vÃ  nhá» gá»n."
product_recommend_for_colleague,"Náº¿u táº·ng Ä‘á»“ng nghiá»‡p, mÃ¬nh gá»£i Ã½ nhá»¯ng mÃ³n mÃ³n quÃ  lá»‹ch sá»± vÃ  nhá» gá»n.!"
product_recommend_for_colleague,"Náº¿u táº·ng Ä‘á»“ng nghiá»‡p, mÃ¬nh gá»£i Ã½ nhá»¯ng mÃ³n quÃ  táº·ng lá»‹ch sá»± vÃ  nhá» gá»n. ğŸ˜Š"
product_recommend_for_colleague,"Náº¿u táº·ng Ä‘á»“ng nghiá»‡p, mÃ¬nh gá»£i Ã½ nhá»¯ng mÃ³n táº·ng pháº©m lá»‹ch sá»± vÃ  nhá» gá»n. nhÃ©!"
gift_budget_low,"Báº¡n muá»‘n chá»n táº·ng pháº©m trong táº§m giÃ¡ tiá»n tháº¥p, mÃ¬nh cÃ³ vÃ i lá»±a chá»n. nhÃ©!"
gift_budget_low,"Báº¡n muá»‘n chá»n táº·ng pháº©m trong táº§m chi phÃ­ tháº¥p, mÃ¬nh cÃ³ vÃ i lá»±a chá»n. ğŸ˜Š"
gift_budget_low,"Báº¡n muá»‘n chá»n mÃ³n quÃ  trong táº§m má»©c giÃ¡ tháº¥p, mÃ¬nh cÃ³ vÃ i lá»±a chá»n. ğŸ˜Š"
gift_budget_low,"Báº¡n muá»‘n chá»n táº·ng pháº©m trong táº§m chi phÃ­ tháº¥p, mÃ¬nh cÃ³ vÃ i lá»±a chá»n.!"
gift_budget_low,"Báº¡n muá»‘n chá»n quÃ  táº·ng trong táº§m má»©c giÃ¡ tháº¥p, mÃ¬nh cÃ³ vÃ i lá»±a chá»n.!"
gift_budget_low,"Báº¡n muá»‘n chá»n quÃ  trong táº§m giÃ¡ tháº¥p, mÃ¬nh cÃ³ vÃ i lá»±a chá»n."
gift_budget_medium,"Báº¡n muá»‘n chá»n quÃ  táº·ng táº§m trung, nhá»¯ng mÃ³n sau ráº¥t phÃ¹ há»£p. ğŸ˜Š"
gift_budget_medium,"Báº¡n muá»‘n chá»n quÃ  táº·ng táº§m trung, nhá»¯ng mÃ³n sau ráº¥t phÃ¹ há»£p.!"
gift_budget_medium,"Báº¡n muá»‘n chá»n quÃ  táº§m trung, nhá»¯ng mÃ³n sau ráº¥t phÃ¹ há»£p."
gift_budget_medium,"Báº¡n muá»‘n chá»n táº·ng pháº©m táº§m trung, nhá»¯ng mÃ³n sau ráº¥t phÃ¹ há»£p.!"
gift_budget_medium,"Báº¡n muá»‘n chá»n quÃ  táº·ng táº§m trung, nhá»¯ng mÃ³n sau ráº¥t phÃ¹ há»£p. nhÃ©!"
gift_budget_high,"Báº¡n muá»‘n chá»n quÃ  cao cáº¥p, mÃ¬nh gá»£i Ã½ nhá»¯ng mÃ³n sang trá»ng."
gift_budget_high,"Báº¡n muá»‘n chá»n mÃ³n quÃ  cao cáº¥p, mÃ¬nh gá»£i Ã½ nhá»¯ng mÃ³n sang trá»ng.!"
gift_budget_high,"Báº¡n muá»‘n chá»n táº·ng pháº©m cao cáº¥p, mÃ¬nh gá»£i Ã½ nhá»¯ng mÃ³n sang trá»ng.!"
gift_budget_high,"Báº¡n muá»‘n chá»n mÃ³n quÃ  cao cáº¥p, mÃ¬nh gá»£i Ã½ nhá»¯ng mÃ³n sang trá»ng. ğŸ˜Š"
gift_budget_high,"Báº¡n muá»‘n chá»n quÃ  táº·ng cao cáº¥p, mÃ¬nh gá»£i Ã½ nhá»¯ng mÃ³n sang trá»ng. nhÃ©!"
gift_budget_high,"Báº¡n muá»‘n chá»n quÃ  táº·ng cao cáº¥p, mÃ¬nh gá»£i Ã½ nhá»¯ng mÃ³n sang trá»ng. ğŸ˜Š"
store_holiday_schedule,"Cá»­a hÃ ng sáº½ nghá»‰ lá»… vÃ o cÃ¡c ngÃ y 1/1, 30/4, 1/5 vÃ  2/9.!"
store_holiday_schedule,"Cá»­a hÃ ng sáº½ nghá»‰ lá»… vÃ o cÃ¡c ngÃ y 1/1, 30/4, 1/5 vÃ  2/9. nhÃ©!"
store_holiday_schedule,"Cá»­a hÃ ng sáº½ nghá»‰ lá»… vÃ o cÃ¡c ngÃ y 1/1, 30/4, 1/5 vÃ  2/9."
product_care_instructions,Báº¡n nÃªn vá»‡ sinh Ä‘á»“ báº±ng khÄƒn má»m vÃ  trÃ¡nh nÆ°á»›c trá»±c tiáº¿p. ğŸ˜Š
product_care_instructions,Báº¡n nÃªn vá»‡ sinh mÃ³n hÃ ng báº±ng khÄƒn má»m vÃ  trÃ¡nh nÆ°á»›c trá»±c tiáº¿p.!
product_care_instructions,Báº¡n nÃªn vá»‡ sinh Ä‘á»“ báº±ng khÄƒn má»m vÃ  trÃ¡nh nÆ°á»›c trá»±c tiáº¿p.!
product_care_instructions,Báº¡n nÃªn vá»‡ sinh máº·t hÃ ng báº±ng khÄƒn má»m vÃ  trÃ¡nh nÆ°á»›c trá»±c tiáº¿p. ğŸ˜Š
product_care_instructions,Báº¡n nÃªn vá»‡ sinh sáº£n pháº©m báº±ng khÄƒn má»m vÃ  trÃ¡nh nÆ°á»›c trá»±c tiáº¿p.
product_care_instructions,Báº¡n nÃªn vá»‡ sinh máº·t hÃ ng báº±ng khÄƒn má»m vÃ  trÃ¡nh nÆ°á»›c trá»±c tiáº¿p. nhÃ©!
gift_personalization,ChÃºng tÃ´i cÃ³ dá»‹ch vá»¥ kháº¯c tÃªn hoáº·c ghi thÃ´ng Ä‘iá»‡p lÃªn sáº£n pháº©m.
gift_personalization,ChÃºng tÃ´i cÃ³ dá»‹ch vá»¥ kháº¯c tÃªn hoáº·c ghi thÃ´ng Ä‘iá»‡p lÃªn Ä‘á»“. nhÃ©!
gift_personalization,ChÃºng tÃ´i cÃ³ dá»‹ch vá»¥ kháº¯c tÃªn hoáº·c ghi thÃ´ng Ä‘iá»‡p lÃªn Ä‘á»“. ğŸ˜Š
gift_personalization,ChÃºng tÃ´i cÃ³ dá»‹ch vá»¥ kháº¯c tÃªn hoáº·c ghi thÃ´ng Ä‘iá»‡p lÃªn máº·t hÃ ng. ğŸ˜Š
gift_personalization,ChÃºng tÃ´i cÃ³ dá»‹ch vá»¥ kháº¯c tÃªn hoáº·c ghi thÃ´ng Ä‘iá»‡p lÃªn máº·t hÃ ng. nhÃ©!
product_comparison,Báº¡n muá»‘n so sÃ¡nh Ä‘á»“ nÃ o vá»›i nhau? ğŸ˜Š
product_comparison,Báº¡n muá»‘n so sÃ¡nh mÃ³n hÃ ng nÃ o vá»›i nhau? ğŸ˜Š
product_comparison,Báº¡n muá»‘n so sÃ¡nh sáº£n pháº©m nÃ o vá»›i nhau?
product_comparison,Báº¡n muá»‘n so sÃ¡nh Ä‘á»“ nÃ o vá»›i nhau? nhÃ©!
pre_order_info,"Má»™t sá»‘ sáº£n pháº©m má»›i cÃ³ thá»ƒ Ä‘áº·t trÆ°á»›c, báº¡n muá»‘n Ä‘áº·t khÃ´ng?"
pre_order_info,"Má»™t sá»‘ mÃ³n hÃ ng má»›i cÃ³ thá»ƒ Ä‘áº·t trÆ°á»›c, báº¡n muá»‘n Ä‘áº·t khÃ´ng?!"
pre_order_info,"Má»™t sá»‘ máº·t hÃ ng má»›i cÃ³ thá»ƒ Ä‘áº·t trÆ°á»›c, báº¡n muá»‘n Ä‘áº·t khÃ´ng? ğŸ˜Š"
pre_order_info,"Má»™t sá»‘ Ä‘á»“ má»›i cÃ³ thá»ƒ Ä‘áº·t trÆ°á»›c, báº¡n muá»‘n Ä‘áº·t khÃ´ng?!"
pre_order_info,"Má»™t sá»‘ máº·t hÃ ng má»›i cÃ³ thá»ƒ Ä‘áº·t trÆ°á»›c, báº¡n muá»‘n Ä‘áº·t khÃ´ng?!"
special_packaging,ChÃºng tÃ´i cÃ³ bao bÃ¬ táº·ng pháº©m Ä‘áº·c biá»‡t cho dá»‹p lá»…. nhÃ©!
special_packaging,ChÃºng tÃ´i cÃ³ bao bÃ¬ mÃ³n quÃ  Ä‘áº·c biá»‡t cho dá»‹p lá»….!
special_packaging,ChÃºng tÃ´i cÃ³ bao bÃ¬ táº·ng pháº©m Ä‘áº·c biá»‡t cho dá»‹p lá»….!
special_packaging,ChÃºng tÃ´i cÃ³ bao bÃ¬ quÃ  Ä‘áº·c biá»‡t cho dá»‹p lá»….
special_packaging,ChÃºng tÃ´i cÃ³ bao bÃ¬ quÃ  táº·ng Ä‘áº·c biá»‡t cho dá»‹p lá»…. ğŸ˜Š
bulk_discount,"Mua nhiá»u mÃ³n hÃ ng sáº½ Ä‘Æ°á»£c giáº£m chi phÃ­, báº¡n cÃ³ muá»‘n biáº¿t chi tiáº¿t? nhÃ©!"
bulk_discount,"Mua nhiá»u máº·t hÃ ng sáº½ Ä‘Æ°á»£c giáº£m chi phÃ­, báº¡n cÃ³ muá»‘n biáº¿t chi tiáº¿t? nhÃ©!"
bulk_discount,"Mua nhiá»u sáº£n pháº©m sáº½ Ä‘Æ°á»£c giáº£m giÃ¡, báº¡n cÃ³ muá»‘n biáº¿t chi tiáº¿t?"
bulk_discount,"Mua nhiá»u Ä‘á»“ sáº½ Ä‘Æ°á»£c giáº£m chi phÃ­, báº¡n cÃ³ muá»‘n biáº¿t chi tiáº¿t? ğŸ˜Š"
bulk_discount,"Mua nhiá»u Ä‘á»“ sáº½ Ä‘Æ°á»£c giáº£m giÃ¡ tiá»n, báº¡n cÃ³ muá»‘n biáº¿t chi tiáº¿t?!"
bulk_discount,"Mua nhiá»u mÃ³n hÃ ng sáº½ Ä‘Æ°á»£c giáº£m má»©c giÃ¡, báº¡n cÃ³ muá»‘n biáº¿t chi tiáº¿t? nhÃ©!"
membership_discount,ThÃ nh viÃªn cá»­a hÃ ng sáº½ Ä‘Æ°á»£c Æ°u Ä‘Ã£i thÃªm 5%.
membership_discount,ThÃ nh viÃªn cá»­a hÃ ng sáº½ Ä‘Æ°á»£c Æ°u Ä‘Ã£i thÃªm 5%.!
membership_discount,ThÃ nh viÃªn cá»­a hÃ ng sáº½ Ä‘Æ°á»£c Æ°u Ä‘Ã£i thÃªm 5%. ğŸ˜Š
membership_discount,ThÃ nh viÃªn cá»­a hÃ ng sáº½ Ä‘Æ°á»£c Æ°u Ä‘Ã£i thÃªm 5%. nhÃ©!
order_tracking,Báº¡n cÃ³ thá»ƒ theo dÃµi Ä‘Æ¡n hÃ ng qua link chÃºng tÃ´i gá»­i. nhÃ©!
order_tracking,Báº¡n cÃ³ thá»ƒ theo dÃµi Ä‘Æ¡n hÃ ng qua link chÃºng tÃ´i gá»­i.
order_tracking,Báº¡n cÃ³ thá»ƒ theo dÃµi Ä‘Æ¡n hÃ ng qua link chÃºng tÃ´i gá»­i. ğŸ˜Š
payment_installment,ChÃºng tÃ´i há»— trá»£ thanh toÃ¡n tráº£ gÃ³p vá»›i lÃ£i suáº¥t 0%.!
payment_installment,ChÃºng tÃ´i há»— trá»£ thanh toÃ¡n tráº£ gÃ³p vá»›i lÃ£i suáº¥t 0%.
payment_installment,ChÃºng tÃ´i há»— trá»£ thanh toÃ¡n tráº£ gÃ³p vá»›i lÃ£i suáº¥t 0%. ğŸ˜Š
payment_installment,ChÃºng tÃ´i há»— trá»£ thanh toÃ¡n tráº£ gÃ³p vá»›i lÃ£i suáº¥t 0%. nhÃ©!
product_origin,"Sáº£n pháº©m Ä‘Æ°á»£c nháº­p kháº©u tá»« Nháº­t Báº£n, HÃ n Quá»‘c, Viá»‡t Nam...!"
product_origin,"Sáº£n pháº©m Ä‘Æ°á»£c nháº­p kháº©u tá»« Nháº­t Báº£n, HÃ n Quá»‘c, Viá»‡t Nam..."
product_origin,"Sáº£n pháº©m Ä‘Æ°á»£c nháº­p kháº©u tá»« Nháº­t Báº£n, HÃ n Quá»‘c, Viá»‡t Nam... ğŸ˜Š"
product_certification,Sáº£n pháº©m cÃ³ giáº¥y chá»©ng nháº­n cháº¥t lÆ°á»£ng. nhÃ©!
product_certification,Sáº£n pháº©m cÃ³ giáº¥y chá»©ng nháº­n cháº¥t lÆ°á»£ng.!
product_certification,Sáº£n pháº©m cÃ³ giáº¥y chá»©ng nháº­n cháº¥t lÆ°á»£ng.
return_condition,"Sáº£n pháº©m pháº£i cÃ²n nguyÃªn váº¹n, chÆ°a qua sá»­ dá»¥ng Ä‘á»ƒ Ä‘Æ°á»£c Ä‘á»•i tráº£. nhÃ©!"
return_condition,"Sáº£n pháº©m pháº£i cÃ²n nguyÃªn váº¹n, chÆ°a qua sá»­ dá»¥ng Ä‘á»ƒ Ä‘Æ°á»£c Ä‘á»•i tráº£."
return_condition,"Sáº£n pháº©m pháº£i cÃ²n nguyÃªn váº¹n, chÆ°a qua sá»­ dá»¥ng Ä‘á»ƒ Ä‘Æ°á»£c Ä‘á»•i tráº£. ğŸ˜Š"
gift_suggestion_for_kid,"Báº¡n muá»‘n táº·ng tráº» em, mÃ¬nh gá»£i Ã½ nhá»¯ng mÃ³n dá»… thÆ°Æ¡ng vÃ  an toÃ n.!"
gift_suggestion_for_kid,"Báº¡n muá»‘n táº·ng tráº» em, mÃ¬nh gá»£i Ã½ nhá»¯ng mÃ³n dá»… thÆ°Æ¡ng vÃ  an toÃ n. nhÃ©!"
gift_suggestion_for_kid,"Báº¡n muá»‘n táº·ng tráº» em, mÃ¬nh gá»£i Ã½ nhá»¯ng mÃ³n dá»… thÆ°Æ¡ng vÃ  an toÃ n."
gift_suggestion_for_teen,"Báº¡n muá»‘n táº·ng tuá»•i teen, mÃ¬nh cÃ³ vÃ i gá»£i Ã½ phong cÃ¡ch."
gift_suggestion_for_teen,"Báº¡n muá»‘n táº·ng tuá»•i teen, mÃ¬nh cÃ³ vÃ i gá»£i Ã½ phong cÃ¡ch.!"
gift_suggestion_for_teen,"Báº¡n muá»‘n táº·ng tuá»•i teen, mÃ¬nh cÃ³ vÃ i gá»£i Ã½ phong cÃ¡ch. ğŸ˜Š"
gift_suggestion_for_adult,"Báº¡n muá»‘n táº·ng ngÆ°á»i lá»›n, Ä‘Ã¢y lÃ  nhá»¯ng mÃ³n phá»• biáº¿n."
gift_suggestion_for_adult,"Báº¡n muá»‘n táº·ng ngÆ°á»i lá»›n, Ä‘Ã¢y lÃ  nhá»¯ng mÃ³n phá»• biáº¿n. nhÃ©!"
gift_suggestion_for_adult,"Báº¡n muá»‘n táº·ng ngÆ°á»i lá»›n, Ä‘Ã¢y lÃ  nhá»¯ng mÃ³n phá»• biáº¿n.!"
gift_suggestion_for_adult,"Báº¡n muá»‘n táº·ng ngÆ°á»i lá»›n, Ä‘Ã¢y lÃ  nhá»¯ng mÃ³n phá»• biáº¿n. ğŸ˜Š"
gift_suggestion_for_travel,"Náº¿u báº¡n muá»‘n táº·ng ngÆ°á»i thÃ­ch Ä‘i du lá»‹ch, nhá»¯ng mÃ³n sau phÃ¹ há»£p. nhÃ©!"
gift_suggestion_for_travel,"Náº¿u báº¡n muá»‘n táº·ng ngÆ°á»i thÃ­ch Ä‘i du lá»‹ch, nhá»¯ng mÃ³n sau phÃ¹ há»£p. ğŸ˜Š"
gift_suggestion_for_travel,"Náº¿u báº¡n muá»‘n táº·ng ngÆ°á»i thÃ­ch Ä‘i du lá»‹ch, nhá»¯ng mÃ³n sau phÃ¹ há»£p."
product_set_offer,"Má»™t sá»‘ sáº£n pháº©m bÃ¡n theo bá»™, báº¡n cÃ³ muá»‘n mua cáº£ bá»™ khÃ´ng?"
product_set_offer,"Má»™t sá»‘ máº·t hÃ ng bÃ¡n theo bá»™, báº¡n cÃ³ muá»‘n sáº¯m cáº£ bá»™ khÃ´ng? nhÃ©!"
product_set_offer,"Má»™t sá»‘ mÃ³n hÃ ng bÃ¡n theo bá»™, báº¡n cÃ³ muá»‘n sáº¯m cáº£ bá»™ khÃ´ng?!"
product_set_offer,"Má»™t sá»‘ máº·t hÃ ng bÃ¡n theo bá»™, báº¡n cÃ³ muá»‘n táº­u cáº£ bá»™ khÃ´ng?!"
product_set_offer,"Má»™t sá»‘ mÃ³n hÃ ng bÃ¡n theo bá»™, báº¡n cÃ³ muá»‘n sáº¯m cáº£ bá»™ khÃ´ng? nhÃ©!"
product_set_offer,"Má»™t sá»‘ máº·t hÃ ng bÃ¡n theo bá»™, báº¡n cÃ³ muá»‘n mua sáº¯m cáº£ bá»™ khÃ´ng?!"
gift_wrapping_fee,"GÃ³i quÃ  cÃ³ phÃ­ 10.000 VND, báº¡n cÃ³ muá»‘n thÃªm khÃ´ng?"
gift_wrapping_fee,"GÃ³i quÃ  táº·ng cÃ³ phÃ­ 10.000 VND, báº¡n cÃ³ muá»‘n thÃªm khÃ´ng? nhÃ©!"
gift_wrapping_fee,"GÃ³i quÃ  táº·ng cÃ³ phÃ­ 10.000 VND, báº¡n cÃ³ muá»‘n thÃªm khÃ´ng? ğŸ˜Š"
gift_wrapping_fee,"GÃ³i mÃ³n quÃ  cÃ³ phÃ­ 10.000 VND, báº¡n cÃ³ muá»‘n thÃªm khÃ´ng? nhÃ©!"
gift_wrapping_fee,"GÃ³i táº·ng pháº©m cÃ³ phÃ­ 10.000 VND, báº¡n cÃ³ muá»‘n thÃªm khÃ´ng? nhÃ©!"
store_event,"Sáº¯p tá»›i cá»­a hÃ ng cÃ³ workshop lÃ m quÃ  lÆ°u niá»‡m, báº¡n cÃ³ muá»‘n tham gia?"
store_event,"Sáº¯p tá»›i cá»­a hÃ ng cÃ³ workshop lÃ m mÃ³n quÃ  lÆ°u niá»‡m, báº¡n cÃ³ muá»‘n tham gia?!"
store_event,"Sáº¯p tá»›i cá»­a hÃ ng cÃ³ workshop lÃ m táº·ng pháº©m lÆ°u niá»‡m, báº¡n cÃ³ muá»‘n tham gia?!"
store_event,"Sáº¯p tá»›i cá»­a hÃ ng cÃ³ workshop lÃ m mÃ³n quÃ  lÆ°u niá»‡m, báº¡n cÃ³ muá»‘n tham gia? ğŸ˜Š"
store_event,"Sáº¯p tá»›i cá»­a hÃ ng cÃ³ workshop lÃ m quÃ  táº·ng lÆ°u niá»‡m, báº¡n cÃ³ muá»‘n tham gia?!"
subscription_service,"ChÃºng tÃ´i cÃ³ dá»‹ch vá»¥ Ä‘Äƒng kÃ½ mÃ³n hÃ ng theo thÃ¡ng, báº¡n muá»‘n tÃ¬m hiá»ƒu khÃ´ng?!"
subscription_service,"ChÃºng tÃ´i cÃ³ dá»‹ch vá»¥ Ä‘Äƒng kÃ½ mÃ³n hÃ ng theo thÃ¡ng, báº¡n muá»‘n tÃ¬m hiá»ƒu khÃ´ng? ğŸ˜Š"
subscription_service,"ChÃºng tÃ´i cÃ³ dá»‹ch vá»¥ Ä‘Äƒng kÃ½ mÃ³n hÃ ng theo thÃ¡ng, báº¡n muá»‘n tÃ¬m hiá»ƒu khÃ´ng? nhÃ©!"
subscription_service,"ChÃºng tÃ´i cÃ³ dá»‹ch vá»¥ Ä‘Äƒng kÃ½ Ä‘á»“ theo thÃ¡ng, báº¡n muá»‘n tÃ¬m hiá»ƒu khÃ´ng?!"
subscription_service,"ChÃºng tÃ´i cÃ³ dá»‹ch vá»¥ Ä‘Äƒng kÃ½ sáº£n pháº©m theo thÃ¡ng, báº¡n muá»‘n tÃ¬m hiá»ƒu khÃ´ng?"
gift_occasion_new_year,"Náº¿u dá»‹p Táº¿t, mÃ¬nh gá»£i Ã½ nhá»¯ng mÃ³n quÃ  táº·ng may máº¯n vÃ  phong thá»§y. nhÃ©!"
gift_occasion_new_year,"Náº¿u dá»‹p Táº¿t, mÃ¬nh gá»£i Ã½ nhá»¯ng mÃ³n táº·ng pháº©m may máº¯n vÃ  phong thá»§y. ğŸ˜Š"
gift_occasion_new_year,"Náº¿u dá»‹p Táº¿t, mÃ¬nh gá»£i Ã½ nhá»¯ng mÃ³n quÃ  may máº¯n vÃ  phong thá»§y."
gift_occasion_new_year,"Náº¿u dá»‹p Táº¿t, mÃ¬nh gá»£i Ã½ nhá»¯ng mÃ³n mÃ³n quÃ  may máº¯n vÃ  phong thá»§y.!"
gift_occasion_valentine,"Náº¿u dá»‹p Valentine, Ä‘Ã¢y lÃ  cÃ¡c mÃ³n mÃ³n quÃ  Ã½ nghÄ©a cho ngÆ°á»i yÃªu. ğŸ˜Š"
gift_occasion_valentine,"Náº¿u dá»‹p Valentine, Ä‘Ã¢y lÃ  cÃ¡c mÃ³n quÃ  Ã½ nghÄ©a cho ngÆ°á»i yÃªu."
gift_occasion_valentine,"Náº¿u dá»‹p Valentine, Ä‘Ã¢y lÃ  cÃ¡c mÃ³n mÃ³n quÃ  Ã½ nghÄ©a cho ngÆ°á»i yÃªu.!"
gift_occasion_valentine,"Náº¿u dá»‹p Valentine, Ä‘Ã¢y lÃ  cÃ¡c mÃ³n mÃ³n quÃ  Ã½ nghÄ©a cho ngÆ°á»i yÃªu. nhÃ©!"
gift_occasion_mother_day,"Náº¿u dá»‹p NgÃ y cá»§a Máº¹, báº¡n cÃ³ thá»ƒ chá»n nhá»¯ng mÃ³n táº·ng pháº©m sau...!"
gift_occasion_mother_day,"Náº¿u dá»‹p NgÃ y cá»§a Máº¹, báº¡n cÃ³ thá»ƒ chá»n nhá»¯ng mÃ³n quÃ  táº·ng sau...!"
gift_occasion_mother_day,"Náº¿u dá»‹p NgÃ y cá»§a Máº¹, báº¡n cÃ³ thá»ƒ chá»n nhá»¯ng mÃ³n quÃ  táº·ng sau... ğŸ˜Š"
gift_occasion_mother_day,"Náº¿u dá»‹p NgÃ y cá»§a Máº¹, báº¡n cÃ³ thá»ƒ chá»n nhá»¯ng mÃ³n quÃ  sau..."
gift_occasion_mother_day,"Náº¿u dá»‹p NgÃ y cá»§a Máº¹, báº¡n cÃ³ thá»ƒ chá»n nhá»¯ng mÃ³n táº·ng pháº©m sau... ğŸ˜Š"
gift_occasion_father_day,"Náº¿u dá»‹p NgÃ y cá»§a Bá»‘, báº¡n cÃ³ thá»ƒ tham kháº£o nhá»¯ng mÃ³n sau...!"
gift_occasion_father_day,"Náº¿u dá»‹p NgÃ y cá»§a Bá»‘, báº¡n cÃ³ thá»ƒ tham kháº£o nhá»¯ng mÃ³n sau... nhÃ©!"
gift_occasion_father_day,"Náº¿u dá»‹p NgÃ y cá»§a Bá»‘, báº¡n cÃ³ thá»ƒ tham kháº£o nhá»¯ng mÃ³n sau..."
customer_support_online,Báº¡n cÃ³ thá»ƒ chat trá»±c tiáº¿p vá»›i nhÃ¢n viÃªn Ä‘á»ƒ Ä‘Æ°á»£c há»— trá»£ nhanh.!
customer_support_online,Báº¡n cÃ³ thá»ƒ chat trá»±c tiáº¿p vá»›i nhÃ¢n viÃªn Ä‘á»ƒ Ä‘Æ°á»£c há»— trá»£ nhanh. ğŸ˜Š
customer_support_online,Báº¡n cÃ³ thá»ƒ chat trá»±c tiáº¿p vá»›i nhÃ¢n viÃªn Ä‘á»ƒ Ä‘Æ°á»£c há»— trá»£ nhanh. nhÃ©!
customer_support_online,Báº¡n cÃ³ thá»ƒ chat trá»±c tiáº¿p vá»›i nhÃ¢n viÃªn Ä‘á»ƒ Ä‘Æ°á»£c há»— trá»£ nhanh.
feedback_positive,Cáº£m Æ¡n báº¡n Ä‘Ã£ pháº£n há»“i tÃ­ch cá»±c! ğŸ˜Š
feedback_positive,Cáº£m Æ¡n báº¡n Ä‘Ã£ pháº£n há»“i tÃ­ch cá»±c!
feedback_positive,Cáº£m Æ¡n báº¡n Ä‘Ã£ pháº£n há»“i tÃ­ch cá»±c! nhÃ©!
feedback_positive,Cáº£m Æ¡n báº¡n Ä‘Ã£ pháº£n há»“i tÃ­ch cá»±c!!
feedback_negative,MÃ¬nh Ä‘Ã£ ghi nháº­n pháº£n há»“i cá»§a báº¡n vÃ  sáº½ cáº£i thiá»‡n dá»‹ch vá»¥.!
feedback_negative,MÃ¬nh Ä‘Ã£ ghi nháº­n pháº£n há»“i cá»§a báº¡n vÃ  sáº½ cáº£i thiá»‡n dá»‹ch vá»¥.
product_return_address,Báº¡n cÃ³ thá»ƒ gá»­i Ä‘á»“ vá» Ä‘á»‹a chá»‰ cá»­a hÃ ng Ä‘á»ƒ Ä‘á»•i tráº£. ğŸ˜Š
product_return_address,Báº¡n cÃ³ thá»ƒ gá»­i máº·t hÃ ng vá» Ä‘á»‹a chá»‰ cá»­a hÃ ng Ä‘á»ƒ Ä‘á»•i tráº£.!
product_return_address,Báº¡n cÃ³ thá»ƒ gá»­i sáº£n pháº©m vá» Ä‘á»‹a chá»‰ cá»­a hÃ ng Ä‘á»ƒ Ä‘á»•i tráº£.
product_return_address,Báº¡n cÃ³ thá»ƒ gá»­i mÃ³n hÃ ng vá» Ä‘á»‹a chá»‰ cá»­a hÃ ng Ä‘á»ƒ Ä‘á»•i tráº£. nhÃ©!
product_return_address,Báº¡n cÃ³ thá»ƒ gá»­i máº·t hÃ ng vá» Ä‘á»‹a chá»‰ cá»­a hÃ ng Ä‘á»ƒ Ä‘á»•i tráº£. ğŸ˜Š
product_return_address,Báº¡n cÃ³ thá»ƒ gá»­i máº·t hÃ ng vá» Ä‘á»‹a chá»‰ cá»­a hÃ ng Ä‘á»ƒ Ä‘á»•i tráº£. nhÃ©!
product_warranty,Sáº£n pháº©m cÃ³ báº£o hÃ nh 6 thÃ¡ng ká»ƒ tá»« ngÃ y táº­u.!
product_warranty,Sáº£n pháº©m cÃ³ báº£o hÃ nh 6 thÃ¡ng ká»ƒ tá»« ngÃ y mua.
product_warranty,Sáº£n pháº©m cÃ³ báº£o hÃ nh 6 thÃ¡ng ká»ƒ tá»« ngÃ y mua sáº¯m.!
product_warranty,Sáº£n pháº©m cÃ³ báº£o hÃ nh 6 thÃ¡ng ká»ƒ tá»« ngÃ y táº­u. ğŸ˜Š
product_warranty,Sáº£n pháº©m cÃ³ báº£o hÃ nh 6 thÃ¡ng ká»ƒ tá»« ngÃ y sáº¯m.!
product_custom_request,Báº¡n muá»‘n thay Ä‘á»•i thiáº¿t káº¿ hay thÃªm chi tiáº¿t gÃ¬ cho Ä‘á»“? nhÃ©!
product_custom_request,Báº¡n muá»‘n thay Ä‘á»•i thiáº¿t káº¿ hay thÃªm chi tiáº¿t gÃ¬ cho mÃ³n hÃ ng?!
product_custom_request,Báº¡n muá»‘n thay Ä‘á»•i thiáº¿t káº¿ hay thÃªm chi tiáº¿t gÃ¬ cho máº·t hÃ ng?!
product_custom_request,Báº¡n muá»‘n thay Ä‘á»•i thiáº¿t káº¿ hay thÃªm chi tiáº¿t gÃ¬ cho sáº£n pháº©m?
product_custom_request,Báº¡n muá»‘n thay Ä‘á»•i thiáº¿t káº¿ hay thÃªm chi tiáº¿t gÃ¬ cho Ä‘á»“? ğŸ˜Š
product_custom_request,Báº¡n muá»‘n thay Ä‘á»•i thiáº¿t káº¿ hay thÃªm chi tiáº¿t gÃ¬ cho mÃ³n hÃ ng? ğŸ˜Š
order_cancellation,Báº¡n cÃ³ thá»ƒ há»§y Ä‘Æ¡n hÃ ng trÆ°á»›c khi sáº£n pháº©m Ä‘Æ°á»£c giao.
order_cancellation,Báº¡n cÃ³ thá»ƒ há»§y Ä‘Æ¡n hÃ ng trÆ°á»›c khi máº·t hÃ ng Ä‘Æ°á»£c giao.!
order_cancellation,Báº¡n cÃ³ thá»ƒ há»§y Ä‘Æ¡n hÃ ng trÆ°á»›c khi máº·t hÃ ng Ä‘Æ°á»£c giao. nhÃ©!
order_cancellation,Báº¡n cÃ³ thá»ƒ há»§y Ä‘Æ¡n hÃ ng trÆ°á»›c khi mÃ³n hÃ ng Ä‘Æ°á»£c giao.!
order_cancellation,Báº¡n cÃ³ thá»ƒ há»§y Ä‘Æ¡n hÃ ng trÆ°á»›c khi mÃ³n hÃ ng Ä‘Æ°á»£c giao. nhÃ©!
order_modification,Báº¡n cÃ³ thá»ƒ chá»‰nh sá»­a Ä‘Æ¡n hÃ ng trÆ°á»›c khi chÃºng Ä‘Æ°á»£c váº­n chuyá»ƒn.
order_modification,Báº¡n cÃ³ thá»ƒ chá»‰nh sá»­a Ä‘Æ¡n hÃ ng trÆ°á»›c khi chÃºng Ä‘Æ°á»£c váº­n chuyá»ƒn.!
order_modification,Báº¡n cÃ³ thá»ƒ chá»‰nh sá»­a Ä‘Æ¡n hÃ ng trÆ°á»›c khi chÃºng Ä‘Æ°á»£c váº­n chuyá»ƒn. ğŸ˜Š
order_modification,Báº¡n cÃ³ thá»ƒ chá»‰nh sá»­a Ä‘Æ¡n hÃ ng trÆ°á»›c khi chÃºng Ä‘Æ°á»£c váº­n chuyá»ƒn. nhÃ©!
product_sample_request,Báº¡n muá»‘n nháº­n máº«u thá»­ trÆ°á»›c khi sáº¯m khÃ´ng? nhÃ©!
product_sample_request,Báº¡n muá»‘n nháº­n máº«u thá»­ trÆ°á»›c khi mua khÃ´ng?
product_sample_request,Báº¡n muá»‘n nháº­n máº«u thá»­ trÆ°á»›c khi mua sáº¯m khÃ´ng? ğŸ˜Š
product_sample_request,Báº¡n muá»‘n nháº­n máº«u thá»­ trÆ°á»›c khi táº­u khÃ´ng?!
product_sample_request,Báº¡n muá»‘n nháº­n máº«u thá»­ trÆ°á»›c khi mua sáº¯m khÃ´ng? nhÃ©!
gift_inspiration,"Náº¿u báº¡n chÆ°a biáº¿t chá»n gÃ¬, Ä‘Ã¢y lÃ  má»™t sá»‘ Ã½ tÆ°á»Ÿng quÃ  táº·ng."
gift_inspiration,"Náº¿u báº¡n chÆ°a biáº¿t chá»n gÃ¬, Ä‘Ã¢y lÃ  má»™t sá»‘ Ã½ tÆ°á»Ÿng táº·ng pháº©m táº·ng. nhÃ©!"
gift_inspiration,"Náº¿u báº¡n chÆ°a biáº¿t chá»n gÃ¬, Ä‘Ã¢y lÃ  má»™t sá»‘ Ã½ tÆ°á»Ÿng mÃ³n quÃ  táº·ng.!"
gift_inspiration,"Náº¿u báº¡n chÆ°a biáº¿t chá»n gÃ¬, Ä‘Ã¢y lÃ  má»™t sá»‘ Ã½ tÆ°á»Ÿng táº·ng pháº©m táº·ng.!"
gift_inspiration,"Náº¿u báº¡n chÆ°a biáº¿t chá»n gÃ¬, Ä‘Ã¢y lÃ  má»™t sá»‘ Ã½ tÆ°á»Ÿng mÃ³n quÃ  táº·ng. nhÃ©!"
gift_inspiration,"Náº¿u báº¡n chÆ°a biáº¿t chá»n gÃ¬, Ä‘Ã¢y lÃ  má»™t sá»‘ Ã½ tÆ°á»Ÿng quÃ  táº·ng táº·ng.!"
intent,response
intent,response nhÃ©!
intent,response ğŸ˜Š
intent,response!
gift_occasion_wedding,"Náº¿u báº¡n muá»‘n táº·ng mÃ³n quÃ  cÆ°á»›i, báº¡n cÃ³ thá»ƒ tham kháº£o nhá»¯ng máº·t hÃ ng nÃ y... nhÃ©!"
gift_occasion_wedding,"Náº¿u báº¡n muá»‘n táº·ng quÃ  táº·ng cÆ°á»›i, báº¡n cÃ³ thá»ƒ tham kháº£o nhá»¯ng mÃ³n hÃ ng nÃ y... ğŸ˜Š"
gift_occasion_wedding,"Náº¿u báº¡n muá»‘n táº·ng mÃ³n quÃ  cÆ°á»›i, báº¡n cÃ³ thá»ƒ tham kháº£o nhá»¯ng Ä‘á»“ nÃ y...!"
gift_occasion_wedding,"Náº¿u báº¡n muá»‘n táº·ng quÃ  cÆ°á»›i, báº¡n cÃ³ thá»ƒ tham kháº£o nhá»¯ng sáº£n pháº©m nÃ y..."
gift_occasion_wedding,"Náº¿u báº¡n muá»‘n táº·ng táº·ng pháº©m cÆ°á»›i, báº¡n cÃ³ thá»ƒ tham kháº£o nhá»¯ng mÃ³n hÃ ng nÃ y... ğŸ˜Š"
gift_occasion_wedding,"Náº¿u báº¡n muá»‘n táº·ng quÃ  táº·ng cÆ°á»›i, báº¡n cÃ³ thá»ƒ tham kháº£o nhá»¯ng mÃ³n hÃ ng nÃ y...!"
gift_occasion_baby_shower,"DÃ nh cho dá»‹p chÃ o Ä‘á»i em bÃ©, Ä‘Ã¢y lÃ  cÃ¡c mÃ³n táº·ng pháº©m thÃ­ch há»£p.!"
gift_occasion_baby_shower,"DÃ nh cho dá»‹p chÃ o Ä‘á»i em bÃ©, Ä‘Ã¢y lÃ  cÃ¡c mÃ³n táº·ng pháº©m thÃ­ch há»£p. ğŸ˜Š"
gift_occasion_baby_shower,"DÃ nh cho dá»‹p chÃ o Ä‘á»i em bÃ©, Ä‘Ã¢y lÃ  cÃ¡c mÃ³n táº·ng pháº©m thÃ­ch há»£p. nhÃ©!"
gift_occasion_baby_shower,"DÃ nh cho dá»‹p chÃ o Ä‘á»i em bÃ©, Ä‘Ã¢y lÃ  cÃ¡c mÃ³n quÃ  táº·ng thÃ­ch há»£p.!"
gift_occasion_baby_shower,"DÃ nh cho dá»‹p chÃ o Ä‘á»i em bÃ©, Ä‘Ã¢y lÃ  cÃ¡c mÃ³n mÃ³n quÃ  thÃ­ch há»£p. nhÃ©!"
gift_occasion_baby_shower,"DÃ nh cho dá»‹p chÃ o Ä‘á»i em bÃ©, Ä‘Ã¢y lÃ  cÃ¡c mÃ³n quÃ  thÃ­ch há»£p."
gift_occasion_graduation,"Náº¿u táº·ng tá»‘t nghiá»‡p, báº¡n cÃ³ thá»ƒ chá»n nhá»¯ng mÃ³n ká»· niá»‡m nÃ y.!"
gift_occasion_graduation,"Náº¿u táº·ng tá»‘t nghiá»‡p, báº¡n cÃ³ thá»ƒ chá»n nhá»¯ng mÃ³n ká»· niá»‡m nÃ y."
gift_occasion_graduation,"Náº¿u táº·ng tá»‘t nghiá»‡p, báº¡n cÃ³ thá»ƒ chá»n nhá»¯ng mÃ³n ká»· niá»‡m nÃ y. ğŸ˜Š"
gift_occasion_housewarming,MÃ¬nh gá»£i Ã½ cÃ¡c mÃ³n quÃ  táº·ng Ã½ nghÄ©a cho dá»‹p tÃ¢n gia. nhÃ©!
gift_occasion_housewarming,MÃ¬nh gá»£i Ã½ cÃ¡c mÃ³n quÃ  Ã½ nghÄ©a cho dá»‹p tÃ¢n gia.
gift_occasion_housewarming,MÃ¬nh gá»£i Ã½ cÃ¡c mÃ³n mÃ³n quÃ  Ã½ nghÄ©a cho dá»‹p tÃ¢n gia. ğŸ˜Š
gift_occasion_housewarming,MÃ¬nh gá»£i Ã½ cÃ¡c mÃ³n mÃ³n quÃ  Ã½ nghÄ©a cho dá»‹p tÃ¢n gia. nhÃ©!
gift_occasion_housewarming,MÃ¬nh gá»£i Ã½ cÃ¡c mÃ³n táº·ng pháº©m Ã½ nghÄ©a cho dá»‹p tÃ¢n gia. nhÃ©!
gift_occasion_anniversary,"Báº¡n muá»‘n ká»· niá»‡m ngÃ y cÆ°á»›i hay quan há»‡, mÃ¬nh cÃ³ vÃ i gá»£i Ã½.!"
gift_occasion_anniversary,"Báº¡n muá»‘n ká»· niá»‡m ngÃ y cÆ°á»›i hay quan há»‡, mÃ¬nh cÃ³ vÃ i gá»£i Ã½."
gift_occasion_anniversary,"Báº¡n muá»‘n ká»· niá»‡m ngÃ y cÆ°á»›i hay quan há»‡, mÃ¬nh cÃ³ vÃ i gá»£i Ã½. ğŸ˜Š"
eco_friendly_product,ChÃºng tÃ´i cÃ³ cÃ¡c sáº£n pháº©m thÃ¢n thiá»‡n mÃ´i trÆ°á»ng.
eco_friendly_product,ChÃºng tÃ´i cÃ³ cÃ¡c mÃ³n hÃ ng thÃ¢n thiá»‡n mÃ´i trÆ°á»ng.!
eco_friendly_product,ChÃºng tÃ´i cÃ³ cÃ¡c máº·t hÃ ng thÃ¢n thiá»‡n mÃ´i trÆ°á»ng.!
handmade_product,CÃ¡c Ä‘á»“ thá»§ cÃ´ng táº¡i cá»­a hÃ ng ráº¥t tinh xáº£o. nhÃ©!
handmade_product,CÃ¡c Ä‘á»“ thá»§ cÃ´ng táº¡i cá»­a hÃ ng ráº¥t tinh xáº£o. ğŸ˜Š
handmade_product,CÃ¡c Ä‘á»“ thá»§ cÃ´ng táº¡i cá»­a hÃ ng ráº¥t tinh xáº£o.!
handmade_product,CÃ¡c mÃ³n hÃ ng thá»§ cÃ´ng táº¡i cá»­a hÃ ng ráº¥t tinh xáº£o. nhÃ©!
handmade_product,CÃ¡c máº·t hÃ ng thá»§ cÃ´ng táº¡i cá»­a hÃ ng ráº¥t tinh xáº£o. ğŸ˜Š
handmade_product,CÃ¡c sáº£n pháº©m thá»§ cÃ´ng táº¡i cá»­a hÃ ng ráº¥t tinh xáº£o.
limited_edition_product,"Hiá»‡n cÃ³ má»™t sá»‘ mÃ³n hÃ ng phiÃªn báº£n giá»›i háº¡n, báº¡n muá»‘n xem khÃ´ng? nhÃ©!"
limited_edition_product,"Hiá»‡n cÃ³ má»™t sá»‘ máº·t hÃ ng phiÃªn báº£n giá»›i háº¡n, báº¡n muá»‘n xem khÃ´ng? nhÃ©!"
limited_edition_product,"Hiá»‡n cÃ³ má»™t sá»‘ Ä‘á»“ phiÃªn báº£n giá»›i háº¡n, báº¡n muá»‘n xem khÃ´ng? ğŸ˜Š"
limited_edition_product,"Hiá»‡n cÃ³ má»™t sá»‘ sáº£n pháº©m phiÃªn báº£n giá»›i háº¡n, báº¡n muá»‘n xem khÃ´ng?"
limited_edition_product,"Hiá»‡n cÃ³ má»™t sá»‘ máº·t hÃ ng phiÃªn báº£n giá»›i háº¡n, báº¡n muá»‘n xem khÃ´ng? ğŸ˜Š"
personalized_message,Báº¡n cÃ³ thá»ƒ thÃªm lá»i nháº¯n cÃ¡ nhÃ¢n cho mÃ³n hÃ ng.!
personalized_message,Báº¡n cÃ³ thá»ƒ thÃªm lá»i nháº¯n cÃ¡ nhÃ¢n cho Ä‘á»“.!
personalized_message,Báº¡n cÃ³ thá»ƒ thÃªm lá»i nháº¯n cÃ¡ nhÃ¢n cho sáº£n pháº©m.
personalized_message,Báº¡n cÃ³ thá»ƒ thÃªm lá»i nháº¯n cÃ¡ nhÃ¢n cho Ä‘á»“. nhÃ©!
personalized_message,Báº¡n cÃ³ thá»ƒ thÃªm lá»i nháº¯n cÃ¡ nhÃ¢n cho máº·t hÃ ng. nhÃ©!
gift_pack_combo,ChÃºng tÃ´i cÃ³ cÃ¡c combo táº·ng pháº©m táº·ng káº¿t há»£p nhiá»u mÃ³n hÃ ng.!
gift_pack_combo,ChÃºng tÃ´i cÃ³ cÃ¡c combo mÃ³n quÃ  táº·ng káº¿t há»£p nhiá»u mÃ³n hÃ ng. nhÃ©!
gift_pack_combo,ChÃºng tÃ´i cÃ³ cÃ¡c combo quÃ  táº·ng káº¿t há»£p nhiá»u sáº£n pháº©m.
gift_pack_combo,ChÃºng tÃ´i cÃ³ cÃ¡c combo mÃ³n quÃ  táº·ng káº¿t há»£p nhiá»u mÃ³n hÃ ng.!
gift_pack_combo,ChÃºng tÃ´i cÃ³ cÃ¡c combo mÃ³n quÃ  táº·ng káº¿t há»£p nhiá»u mÃ³n hÃ ng. ğŸ˜Š
birthday_surprise_package,MÃ¬nh cÃ³ gá»£i Ã½ combo quÃ  sinh nháº­t báº¥t ngá».
birthday_surprise_package,MÃ¬nh cÃ³ gá»£i Ã½ combo táº·ng pháº©m sinh nháº­t báº¥t ngá». ğŸ˜Š
birthday_surprise_package,MÃ¬nh cÃ³ gá»£i Ã½ combo mÃ³n quÃ  sinh nháº­t báº¥t ngá». nhÃ©!
birthday_surprise_package,MÃ¬nh cÃ³ gá»£i Ã½ combo mÃ³n quÃ  sinh nháº­t báº¥t ngá».!
birthday_surprise_package,MÃ¬nh cÃ³ gá»£i Ã½ combo quÃ  táº·ng sinh nháº­t báº¥t ngá». ğŸ˜Š
birthday_surprise_package,MÃ¬nh cÃ³ gá»£i Ã½ combo táº·ng pháº©m sinh nháº­t báº¥t ngá». nhÃ©!
festival_special_pack,"Combo Ä‘áº·c biá»‡t cho cÃ¡c dá»‹p lá»… há»™i nhÆ° Táº¿t, GiÃ¡ng sinh.!"
festival_special_pack,"Combo Ä‘áº·c biá»‡t cho cÃ¡c dá»‹p lá»… há»™i nhÆ° Táº¿t, GiÃ¡ng sinh."
festival_special_pack,"Combo Ä‘áº·c biá»‡t cho cÃ¡c dá»‹p lá»… há»™i nhÆ° Táº¿t, GiÃ¡ng sinh. ğŸ˜Š"
festival_special_pack,"Combo Ä‘áº·c biá»‡t cho cÃ¡c dá»‹p lá»… há»™i nhÆ° Táº¿t, GiÃ¡ng sinh. nhÃ©!"
seasonal_collection,"Hiá»‡n cÃ³ bá»™ sÆ°u táº­p theo mÃ¹a, báº¡n muá»‘n xem khÃ´ng? nhÃ©!"
seasonal_collection,"Hiá»‡n cÃ³ bá»™ sÆ°u táº­p theo mÃ¹a, báº¡n muá»‘n xem khÃ´ng?!"
seasonal_collection,"Hiá»‡n cÃ³ bá»™ sÆ°u táº­p theo mÃ¹a, báº¡n muá»‘n xem khÃ´ng? ğŸ˜Š"
seasonal_collection,"Hiá»‡n cÃ³ bá»™ sÆ°u táº­p theo mÃ¹a, báº¡n muá»‘n xem khÃ´ng?"
online_exclusive_offer,CÃ³ má»™t sá»‘ sáº£n pháº©m chá»‰ bÃ¡n online vá»›i giÃ¡ Æ°u Ä‘Ã£i.
online_exclusive_offer,CÃ³ má»™t sá»‘ mÃ³n hÃ ng chá»‰ bÃ¡n online vá»›i má»©c giÃ¡ Æ°u Ä‘Ã£i.!
online_exclusive_offer,CÃ³ má»™t sá»‘ máº·t hÃ ng chá»‰ bÃ¡n online vá»›i chi phÃ­ Æ°u Ä‘Ã£i.!
online_exclusive_offer,CÃ³ má»™t sá»‘ máº·t hÃ ng chá»‰ bÃ¡n online vá»›i chi phÃ­ Æ°u Ä‘Ã£i. nhÃ©!
online_exclusive_offer,CÃ³ má»™t sá»‘ Ä‘á»“ chá»‰ bÃ¡n online vá»›i má»©c giÃ¡ Æ°u Ä‘Ã£i. ğŸ˜Š
membership_reward_point,KhÃ¡ch hÃ ng thÃ¢n thiáº¿t sáº½ nháº­n Ä‘iá»ƒm thÆ°á»Ÿng khi mua hÃ ng.
membership_reward_point,KhÃ¡ch hÃ ng thÃ¢n thiáº¿t sáº½ nháº­n Ä‘iá»ƒm thÆ°á»Ÿng khi mua sáº¯m hÃ ng.!
membership_reward_point,KhÃ¡ch hÃ ng thÃ¢n thiáº¿t sáº½ nháº­n Ä‘iá»ƒm thÆ°á»Ÿng khi mua sáº¯m hÃ ng. ğŸ˜Š
membership_reward_point,KhÃ¡ch hÃ ng thÃ¢n thiáº¿t sáº½ nháº­n Ä‘iá»ƒm thÆ°á»Ÿng khi táº­u hÃ ng. nhÃ©!
membership_reward_point,KhÃ¡ch hÃ ng thÃ¢n thiáº¿t sáº½ nháº­n Ä‘iá»ƒm thÆ°á»Ÿng khi mua sáº¯m hÃ ng. nhÃ©!
flash_sale_notification,"Hiá»‡n Ä‘ang cÃ³ flash sale, báº¡n muá»‘n mÃ¬nh gá»­i thÃ´ng tin khÃ´ng?!"
flash_sale_notification,"Hiá»‡n Ä‘ang cÃ³ flash sale, báº¡n muá»‘n mÃ¬nh gá»­i thÃ´ng tin khÃ´ng? ğŸ˜Š"
flash_sale_notification,"Hiá»‡n Ä‘ang cÃ³ flash sale, báº¡n muá»‘n mÃ¬nh gá»­i thÃ´ng tin khÃ´ng?"
gift_set_recommendation,"MÃ¬nh gá»£i Ã½ cÃ¡c set táº·ng pháº©m Ä‘Æ°á»£c phá»‘i sáºµn, Ä‘áº¹p máº¯t vÃ  tiá»‡n lá»£i. ğŸ˜Š"
gift_set_recommendation,"MÃ¬nh gá»£i Ã½ cÃ¡c set quÃ  Ä‘Æ°á»£c phá»‘i sáºµn, Ä‘áº¹p máº¯t vÃ  tiá»‡n lá»£i."
gift_set_recommendation,"MÃ¬nh gá»£i Ã½ cÃ¡c set táº·ng pháº©m Ä‘Æ°á»£c phá»‘i sáºµn, Ä‘áº¹p máº¯t vÃ  tiá»‡n lá»£i.!"
gift_set_recommendation,"MÃ¬nh gá»£i Ã½ cÃ¡c set táº·ng pháº©m Ä‘Æ°á»£c phá»‘i sáºµn, Ä‘áº¹p máº¯t vÃ  tiá»‡n lá»£i. nhÃ©!"
gift_set_recommendation,"MÃ¬nh gá»£i Ã½ cÃ¡c set mÃ³n quÃ  Ä‘Æ°á»£c phá»‘i sáºµn, Ä‘áº¹p máº¯t vÃ  tiá»‡n lá»£i. nhÃ©!"
handcraft_tutorials,Báº¡n cÃ³ muá»‘n xem hÆ°á»›ng dáº«n lÃ m Ä‘á»“ thá»§ cÃ´ng táº¡i nhÃ ?!
handcraft_tutorials,Báº¡n cÃ³ muá»‘n xem hÆ°á»›ng dáº«n lÃ m Ä‘á»“ thá»§ cÃ´ng táº¡i nhÃ ? ğŸ˜Š
handcraft_tutorials,Báº¡n cÃ³ muá»‘n xem hÆ°á»›ng dáº«n lÃ m Ä‘á»“ thá»§ cÃ´ng táº¡i nhÃ ?
handcraft_tutorials,Báº¡n cÃ³ muá»‘n xem hÆ°á»›ng dáº«n lÃ m Ä‘á»“ thá»§ cÃ´ng táº¡i nhÃ ? nhÃ©!
gift_inspiration_for_couples,Gá»£i Ã½ táº·ng pháº©m táº·ng dÃ nh cho cÃ¡c cáº·p Ä‘Ã´i yÃªu nhau. ğŸ˜Š
gift_inspiration_for_couples,Gá»£i Ã½ mÃ³n quÃ  táº·ng dÃ nh cho cÃ¡c cáº·p Ä‘Ã´i yÃªu nhau.!
gift_inspiration_for_couples,Gá»£i Ã½ quÃ  táº·ng táº·ng dÃ nh cho cÃ¡c cáº·p Ä‘Ã´i yÃªu nhau.!
gift_inspiration_for_couples,Gá»£i Ã½ quÃ  táº·ng dÃ nh cho cÃ¡c cáº·p Ä‘Ã´i yÃªu nhau.
gift_inspiration_for_couples,Gá»£i Ã½ quÃ  táº·ng táº·ng dÃ nh cho cÃ¡c cáº·p Ä‘Ã´i yÃªu nhau. nhÃ©!
gift_inspiration_for_parents,Gá»£i Ã½ quÃ  táº·ng táº·ng Ã½ nghÄ©a dÃ nh cho bá»‘ máº¹. nhÃ©!
gift_inspiration_for_parents,Gá»£i Ã½ quÃ  táº·ng táº·ng Ã½ nghÄ©a dÃ nh cho bá»‘ máº¹. ğŸ˜Š
gift_inspiration_for_parents,Gá»£i Ã½ quÃ  táº·ng Ã½ nghÄ©a dÃ nh cho bá»‘ máº¹.
gift_inspiration_for_parents,Gá»£i Ã½ táº·ng pháº©m táº·ng Ã½ nghÄ©a dÃ nh cho bá»‘ máº¹. ğŸ˜Š
gift_inspiration_for_parents,Gá»£i Ã½ mÃ³n quÃ  táº·ng Ã½ nghÄ©a dÃ nh cho bá»‘ máº¹.!
gift_inspiration_for_friends,"Gá»£i Ã½ táº·ng pháº©m táº·ng vui nhá»™n, thÃ¢n thiá»‡n cho báº¡n bÃ¨.!"
gift_inspiration_for_friends,"Gá»£i Ã½ mÃ³n quÃ  táº·ng vui nhá»™n, thÃ¢n thiá»‡n cho báº¡n bÃ¨. ğŸ˜Š"
gift_inspiration_for_friends,"Gá»£i Ã½ quÃ  táº·ng táº·ng vui nhá»™n, thÃ¢n thiá»‡n cho báº¡n bÃ¨. ğŸ˜Š"
gift_inspiration_for_friends,"Gá»£i Ã½ quÃ  táº·ng vui nhá»™n, thÃ¢n thiá»‡n cho báº¡n bÃ¨."
gift_inspiration_for_friends,"Gá»£i Ã½ mÃ³n quÃ  táº·ng vui nhá»™n, thÃ¢n thiá»‡n cho báº¡n bÃ¨. nhÃ©!"
gift_inspiration_for_children,Gá»£i Ã½ táº·ng pháº©m táº·ng an toÃ n vÃ  dá»… thÆ°Æ¡ng cho tráº» em. ğŸ˜Š
gift_inspiration_for_children,Gá»£i Ã½ quÃ  táº·ng táº·ng an toÃ n vÃ  dá»… thÆ°Æ¡ng cho tráº» em. ğŸ˜Š
gift_inspiration_for_children,Gá»£i Ã½ táº·ng pháº©m táº·ng an toÃ n vÃ  dá»… thÆ°Æ¡ng cho tráº» em.!
gift_inspiration_for_children,Gá»£i Ã½ mÃ³n quÃ  táº·ng an toÃ n vÃ  dá»… thÆ°Æ¡ng cho tráº» em.!
gift_inspiration_for_children,Gá»£i Ã½ quÃ  táº·ng an toÃ n vÃ  dá»… thÆ°Æ¡ng cho tráº» em.
special_requests_handling,ChÃºng tÃ´i cÃ³ thá»ƒ xá»­ lÃ½ yÃªu cáº§u Ä‘áº·c biá»‡t cho sáº£n pháº©m.
special_requests_handling,ChÃºng tÃ´i cÃ³ thá»ƒ xá»­ lÃ½ yÃªu cáº§u Ä‘áº·c biá»‡t cho Ä‘á»“. ğŸ˜Š
special_requests_handling,ChÃºng tÃ´i cÃ³ thá»ƒ xá»­ lÃ½ yÃªu cáº§u Ä‘áº·c biá»‡t cho Ä‘á»“. nhÃ©!
special_requests_handling,ChÃºng tÃ´i cÃ³ thá»ƒ xá»­ lÃ½ yÃªu cáº§u Ä‘áº·c biá»‡t cho máº·t hÃ ng. nhÃ©!
special_requests_handling,ChÃºng tÃ´i cÃ³ thá»ƒ xá»­ lÃ½ yÃªu cáº§u Ä‘áº·c biá»‡t cho máº·t hÃ ng. ğŸ˜Š
special_requests_handling,ChÃºng tÃ´i cÃ³ thá»ƒ xá»­ lÃ½ yÃªu cáº§u Ä‘áº·c biá»‡t cho Ä‘á»“.!
delivery_time_estimate,Thá»i gian giao hÃ ng Æ°á»›c tÃ­nh tá»« 2-5 ngÃ y lÃ m viá»‡c.!
delivery_time_estimate,Thá»i gian giao hÃ ng Æ°á»›c tÃ­nh tá»« 2-5 ngÃ y lÃ m viá»‡c.
delivery_time_estimate,Thá»i gian giao hÃ ng Æ°á»›c tÃ­nh tá»« 2-5 ngÃ y lÃ m viá»‡c. ğŸ˜Š
express_delivery_option,"ChÃºng tÃ´i cÃ³ tÃ¹y chá»n giao nhanh, báº¡n muá»‘n thá»­ khÃ´ng? nhÃ©!"
express_delivery_option,"ChÃºng tÃ´i cÃ³ tÃ¹y chá»n giao nhanh, báº¡n muá»‘n thá»­ khÃ´ng?!"
express_delivery_option,"ChÃºng tÃ´i cÃ³ tÃ¹y chá»n giao nhanh, báº¡n muá»‘n thá»­ khÃ´ng?"
gift_wrapping_custom_design,Báº¡n muá»‘n thiáº¿t káº¿ gÃ³i mÃ³n quÃ  theo phong cÃ¡ch riÃªng? ğŸ˜Š
gift_wrapping_custom_design,Báº¡n muá»‘n thiáº¿t káº¿ gÃ³i mÃ³n quÃ  theo phong cÃ¡ch riÃªng?!
gift_wrapping_custom_design,Báº¡n muá»‘n thiáº¿t káº¿ gÃ³i mÃ³n quÃ  theo phong cÃ¡ch riÃªng? nhÃ©!
gift_wrapping_custom_design,Báº¡n muá»‘n thiáº¿t káº¿ gÃ³i quÃ  theo phong cÃ¡ch riÃªng?
gift_wrapping_custom_design,Báº¡n muá»‘n thiáº¿t káº¿ gÃ³i táº·ng pháº©m theo phong cÃ¡ch riÃªng?!
gift_wrapping_custom_design,Báº¡n muá»‘n thiáº¿t káº¿ gÃ³i táº·ng pháº©m theo phong cÃ¡ch riÃªng? ğŸ˜Š
return_policy_extended,Báº¡n cÃ³ thá»ƒ tráº£ hÃ ng trong 14 ngÃ y náº¿u máº·t hÃ ng khÃ´ng vá»«a Ã½.!
return_policy_extended,Báº¡n cÃ³ thá»ƒ tráº£ hÃ ng trong 14 ngÃ y náº¿u sáº£n pháº©m khÃ´ng vá»«a Ã½.
return_policy_extended,Báº¡n cÃ³ thá»ƒ tráº£ hÃ ng trong 14 ngÃ y náº¿u mÃ³n hÃ ng khÃ´ng vá»«a Ã½. ğŸ˜Š
return_policy_extended,Báº¡n cÃ³ thá»ƒ tráº£ hÃ ng trong 14 ngÃ y náº¿u máº·t hÃ ng khÃ´ng vá»«a Ã½. nhÃ©!
international_shipping_info,"ChÃºng tÃ´i cÃ³ giao hÃ ng quá»‘c táº¿, báº¡n muá»‘n gá»­i tá»›i quá»‘c gia nÃ o? ğŸ˜Š"
international_shipping_info,"ChÃºng tÃ´i cÃ³ giao hÃ ng quá»‘c táº¿, báº¡n muá»‘n gá»­i tá»›i quá»‘c gia nÃ o? nhÃ©!"
international_shipping_info,"ChÃºng tÃ´i cÃ³ giao hÃ ng quá»‘c táº¿, báº¡n muá»‘n gá»­i tá»›i quá»‘c gia nÃ o?!"
international_shipping_info,"ChÃºng tÃ´i cÃ³ giao hÃ ng quá»‘c táº¿, báº¡n muá»‘n gá»­i tá»›i quá»‘c gia nÃ o?"
gift_for_corporate_clients,"Báº¡n muá»‘n sáº¯m táº·ng pháº©m cho khÃ¡ch hÃ ng doanh nghiá»‡p, mÃ¬nh cÃ³ gá»£i Ã½.!"
gift_for_corporate_clients,"Báº¡n muá»‘n táº­u táº·ng pháº©m cho khÃ¡ch hÃ ng doanh nghiá»‡p, mÃ¬nh cÃ³ gá»£i Ã½. ğŸ˜Š"
gift_for_corporate_clients,"Báº¡n muá»‘n táº­u quÃ  táº·ng cho khÃ¡ch hÃ ng doanh nghiá»‡p, mÃ¬nh cÃ³ gá»£i Ã½.!"
gift_for_corporate_clients,"Báº¡n muá»‘n táº­u táº·ng pháº©m cho khÃ¡ch hÃ ng doanh nghiá»‡p, mÃ¬nh cÃ³ gá»£i Ã½. nhÃ©!"
gift_for_corporate_clients,"Báº¡n muá»‘n mua quÃ  cho khÃ¡ch hÃ ng doanh nghiá»‡p, mÃ¬nh cÃ³ gá»£i Ã½."
custom_order_deadline,"Äá»ƒ Ä‘áº·t hÃ ng theo yÃªu cáº§u, báº¡n nÃªn Ä‘áº·t trÆ°á»›c 7 ngÃ y."
custom_order_deadline,"Äá»ƒ Ä‘áº·t hÃ ng theo yÃªu cáº§u, báº¡n nÃªn Ä‘áº·t trÆ°á»›c 7 ngÃ y. ğŸ˜Š"
custom_order_deadline,"Äá»ƒ Ä‘áº·t hÃ ng theo yÃªu cáº§u, báº¡n nÃªn Ä‘áº·t trÆ°á»›c 7 ngÃ y.!"
custom_order_deadline,"Äá»ƒ Ä‘áº·t hÃ ng theo yÃªu cáº§u, báº¡n nÃªn Ä‘áº·t trÆ°á»›c 7 ngÃ y. nhÃ©!"
holiday_special_discount,"CÃ³ chÆ°Æ¡ng trÃ¬nh giáº£m má»©c giÃ¡ Ä‘áº·c biá»‡t cho ngÃ y lá»…, báº¡n muá»‘n xem khÃ´ng?!"
holiday_special_discount,"CÃ³ chÆ°Æ¡ng trÃ¬nh giáº£m má»©c giÃ¡ Ä‘áº·c biá»‡t cho ngÃ y lá»…, báº¡n muá»‘n xem khÃ´ng? ğŸ˜Š"
holiday_special_discount,"CÃ³ chÆ°Æ¡ng trÃ¬nh giáº£m chi phÃ­ Ä‘áº·c biá»‡t cho ngÃ y lá»…, báº¡n muá»‘n xem khÃ´ng? nhÃ©!"
holiday_special_discount,"CÃ³ chÆ°Æ¡ng trÃ¬nh giáº£m má»©c giÃ¡ Ä‘áº·c biá»‡t cho ngÃ y lá»…, báº¡n muá»‘n xem khÃ´ng? nhÃ©!"
holiday_special_discount,"CÃ³ chÆ°Æ¡ng trÃ¬nh giáº£m giÃ¡ Ä‘áº·c biá»‡t cho ngÃ y lá»…, báº¡n muá»‘n xem khÃ´ng?"
store_loyalty_points,Báº¡n cÃ³ thá»ƒ tÃ­ch lÅ©y Ä‘iá»ƒm cho má»—i Ä‘Æ¡n hÃ ng. nhÃ©!
store_loyalty_points,Báº¡n cÃ³ thá»ƒ tÃ­ch lÅ©y Ä‘iá»ƒm cho má»—i Ä‘Æ¡n hÃ ng. ğŸ˜Š
store_loyalty_points,Báº¡n cÃ³ thá»ƒ tÃ­ch lÅ©y Ä‘iá»ƒm cho má»—i Ä‘Æ¡n hÃ ng.!
store_loyalty_points,Báº¡n cÃ³ thá»ƒ tÃ­ch lÅ©y Ä‘iá»ƒm cho má»—i Ä‘Æ¡n hÃ ng.
product_demo_available,Báº¡n cÃ³ thá»ƒ thá»­ mÃ³n hÃ ng trá»±c tiáº¿p táº¡i cá»­a hÃ ng.!
product_demo_available,Báº¡n cÃ³ thá»ƒ thá»­ Ä‘á»“ trá»±c tiáº¿p táº¡i cá»­a hÃ ng. nhÃ©!
product_demo_available,Báº¡n cÃ³ thá»ƒ thá»­ máº·t hÃ ng trá»±c tiáº¿p táº¡i cá»­a hÃ ng. nhÃ©!
product_demo_available,Báº¡n cÃ³ thá»ƒ thá»­ sáº£n pháº©m trá»±c tiáº¿p táº¡i cá»­a hÃ ng.
product_demo_available,Báº¡n cÃ³ thá»ƒ thá»­ mÃ³n hÃ ng trá»±c tiáº¿p táº¡i cá»­a hÃ ng. nhÃ©!
product_demo_available,Báº¡n cÃ³ thá»ƒ thá»­ Ä‘á»“ trá»±c tiáº¿p táº¡i cá»­a hÃ ng. ğŸ˜Š
gift_for_teachers,MÃ¬nh cÃ³ vÃ i gá»£i Ã½ mÃ³n quÃ  táº·ng dÃ nh cho giÃ¡ tiá»no viÃªn. nhÃ©!
gift_for_teachers,MÃ¬nh cÃ³ vÃ i gá»£i Ã½ táº·ng pháº©m táº·ng dÃ nh cho má»©c giÃ¡o viÃªn. nhÃ©!
gift_for_teachers,MÃ¬nh cÃ³ vÃ i gá»£i Ã½ quÃ  táº·ng táº·ng dÃ nh cho giÃ¡ tiá»no viÃªn. ğŸ˜Š
gift_for_teachers,MÃ¬nh cÃ³ vÃ i gá»£i Ã½ mÃ³n quÃ  táº·ng dÃ nh cho má»©c giÃ¡o viÃªn. nhÃ©!
gift_for_teachers,MÃ¬nh cÃ³ vÃ i gá»£i Ã½ quÃ  táº·ng dÃ nh cho giÃ¡o viÃªn.
gift_for_teachers,MÃ¬nh cÃ³ vÃ i gá»£i Ã½ táº·ng pháº©m táº·ng dÃ nh cho má»©c giÃ¡o viÃªn.!
gift_for_students,"MÃ³n quÃ  táº·ng Ã½ nghÄ©a cho há»c sinh, sinh viÃªn.!"
gift_for_students,"MÃ³n quÃ  táº·ng Ã½ nghÄ©a cho há»c sinh, sinh viÃªn. nhÃ©!"
gift_for_students,"MÃ³n quÃ  Ã½ nghÄ©a cho há»c sinh, sinh viÃªn."
gift_for_students,"MÃ³n mÃ³n quÃ  Ã½ nghÄ©a cho há»c sinh, sinh viÃªn.!"
gift_for_students,"MÃ³n mÃ³n quÃ  Ã½ nghÄ©a cho há»c sinh, sinh viÃªn. ğŸ˜Š"
gift_for_students,"MÃ³n quÃ  táº·ng Ã½ nghÄ©a cho há»c sinh, sinh viÃªn. ğŸ˜Š"
gift_for_travelers,"Gá»£i Ã½ mÃ³n quÃ  dÃ nh cho ngÆ°á»i thÃ­ch Ä‘i du lá»‹ch, tiá»‡n lá»£i vÃ  nhá» gá»n. ğŸ˜Š"
gift_for_travelers,"Gá»£i Ã½ quÃ  táº·ng dÃ nh cho ngÆ°á»i thÃ­ch Ä‘i du lá»‹ch, tiá»‡n lá»£i vÃ  nhá» gá»n. nhÃ©!"
gift_for_travelers,"Gá»£i Ã½ quÃ  táº·ng dÃ nh cho ngÆ°á»i thÃ­ch Ä‘i du lá»‹ch, tiá»‡n lá»£i vÃ  nhá» gá»n.!"
gift_for_travelers,"Gá»£i Ã½ táº·ng pháº©m dÃ nh cho ngÆ°á»i thÃ­ch Ä‘i du lá»‹ch, tiá»‡n lá»£i vÃ  nhá» gá»n. ğŸ˜Š"
gift_for_travelers,"Gá»£i Ã½ quÃ  dÃ nh cho ngÆ°á»i thÃ­ch Ä‘i du lá»‹ch, tiá»‡n lá»£i vÃ  nhá» gá»n."
gift_for_art_lovers,"Náº¿u há» yÃªu nghá»‡ thuáº­t, báº¡n cÃ³ thá»ƒ chá»n cÃ¡c mÃ³n hÃ ng trang trÃ­ Ä‘áº¹p máº¯t. ğŸ˜Š"
gift_for_art_lovers,"Náº¿u há» yÃªu nghá»‡ thuáº­t, báº¡n cÃ³ thá»ƒ chá»n cÃ¡c Ä‘á»“ trang trÃ­ Ä‘áº¹p máº¯t. ğŸ˜Š"
gift_for_art_lovers,"Náº¿u há» yÃªu nghá»‡ thuáº­t, báº¡n cÃ³ thá»ƒ chá»n cÃ¡c máº·t hÃ ng trang trÃ­ Ä‘áº¹p máº¯t. ğŸ˜Š"
gift_for_art_lovers,"Náº¿u há» yÃªu nghá»‡ thuáº­t, báº¡n cÃ³ thá»ƒ chá»n cÃ¡c máº·t hÃ ng trang trÃ­ Ä‘áº¹p máº¯t. nhÃ©!"
gift_for_art_lovers,"Náº¿u há» yÃªu nghá»‡ thuáº­t, báº¡n cÃ³ thá»ƒ chá»n cÃ¡c sáº£n pháº©m trang trÃ­ Ä‘áº¹p máº¯t."
gift_for_art_lovers,"Náº¿u há» yÃªu nghá»‡ thuáº­t, báº¡n cÃ³ thá»ƒ chá»n cÃ¡c máº·t hÃ ng trang trÃ­ Ä‘áº¹p máº¯t.!"
gift_for_collectors,"DÃ nh cho ngÆ°á»i sÆ°u táº­p, cÃ¡c phiÃªn báº£n giá»›i háº¡n sáº½ phÃ¹ há»£p. nhÃ©!"
gift_for_collectors,"DÃ nh cho ngÆ°á»i sÆ°u táº­p, cÃ¡c phiÃªn báº£n giá»›i háº¡n sáº½ phÃ¹ há»£p. ğŸ˜Š"
gift_for_collectors,"DÃ nh cho ngÆ°á»i sÆ°u táº­p, cÃ¡c phiÃªn báº£n giá»›i háº¡n sáº½ phÃ¹ há»£p.!"
gift_for_collectors,"DÃ nh cho ngÆ°á»i sÆ°u táº­p, cÃ¡c phiÃªn báº£n giá»›i háº¡n sáº½ phÃ¹ há»£p."
gift_for_couples,Gá»£i Ã½ quÃ  táº·ng lÃ£ng máº¡n cho cÃ¡c cáº·p Ä‘Ã´i.
gift_for_couples,Gá»£i Ã½ táº·ng pháº©m táº·ng lÃ£ng máº¡n cho cÃ¡c cáº·p Ä‘Ã´i.!
gift_for_couples,Gá»£i Ã½ quÃ  táº·ng táº·ng lÃ£ng máº¡n cho cÃ¡c cáº·p Ä‘Ã´i. ğŸ˜Š
gift_for_couples,Gá»£i Ã½ mÃ³n quÃ  táº·ng lÃ£ng máº¡n cho cÃ¡c cáº·p Ä‘Ã´i. ğŸ˜Š
gift_for_couples,Gá»£i Ã½ quÃ  táº·ng táº·ng lÃ£ng máº¡n cho cÃ¡c cáº·p Ä‘Ã´i.!
gift_for_anniversary,Gá»£i Ã½ quÃ  ká»· niá»‡m ngÃ y quan trá»ng.
gift_for_anniversary,Gá»£i Ã½ mÃ³n quÃ  ká»· niá»‡m ngÃ y quan trá»ng.!
gift_for_anniversary,Gá»£i Ã½ táº·ng pháº©m ká»· niá»‡m ngÃ y quan trá»ng. ğŸ˜Š
gift_for_anniversary,Gá»£i Ã½ táº·ng pháº©m ká»· niá»‡m ngÃ y quan trá»ng.!
special_event_promotion,Hiá»‡n Ä‘ang cÃ³ khuyáº¿n mÃ£i cho cÃ¡c sá»± kiá»‡n Ä‘áº·c biá»‡t.
special_event_promotion,Hiá»‡n Ä‘ang cÃ³ khuyáº¿n mÃ£i cho cÃ¡c sá»± kiá»‡n Ä‘áº·c biá»‡t. ğŸ˜Š
special_event_promotion,Hiá»‡n Ä‘ang cÃ³ khuyáº¿n mÃ£i cho cÃ¡c sá»± kiá»‡n Ä‘áº·c biá»‡t. nhÃ©!
special_event_promotion,Hiá»‡n Ä‘ang cÃ³ khuyáº¿n mÃ£i cho cÃ¡c sá»± kiá»‡n Ä‘áº·c biá»‡t.!
gift_for_festival,"QuÃ  táº·ng dÃ nh cho cÃ¡c dá»‹p lá»… há»™i: Táº¿t, GiÃ¡ng sinh, Halloween...!"
gift_for_festival,"QuÃ  táº·ng dÃ nh cho cÃ¡c dá»‹p lá»… há»™i: Táº¿t, GiÃ¡ng sinh, Halloween... ğŸ˜Š"
gift_for_festival,"QuÃ  táº·ng dÃ nh cho cÃ¡c dá»‹p lá»… há»™i: Táº¿t, GiÃ¡ng sinh, Halloween..."
gift_for_festival,"QuÃ  táº·ng dÃ nh cho cÃ¡c dá»‹p lá»… há»™i: Táº¿t, GiÃ¡ng sinh, Halloween... nhÃ©!"
eco_packaging_option,Báº¡n cÃ³ muá»‘n chá»n gÃ³i quÃ  thÃ¢n thiá»‡n mÃ´i trÆ°á»ng?
eco_packaging_option,Báº¡n cÃ³ muá»‘n chá»n gÃ³i quÃ  táº·ng thÃ¢n thiá»‡n mÃ´i trÆ°á»ng?!
eco_packaging_option,Báº¡n cÃ³ muá»‘n chá»n gÃ³i quÃ  táº·ng thÃ¢n thiá»‡n mÃ´i trÆ°á»ng? ğŸ˜Š
eco_packaging_option,Báº¡n cÃ³ muá»‘n chá»n gÃ³i mÃ³n quÃ  thÃ¢n thiá»‡n mÃ´i trÆ°á»ng? ğŸ˜Š
eco_packaging_option,Báº¡n cÃ³ muá»‘n chá»n gÃ³i mÃ³n quÃ  thÃ¢n thiá»‡n mÃ´i trÆ°á»ng? nhÃ©!
eco_packaging_option,Báº¡n cÃ³ muá»‘n chá»n gÃ³i mÃ³n quÃ  thÃ¢n thiá»‡n mÃ´i trÆ°á»ng?!
handmade_packaging_option,GÃ³i quÃ  táº·ng thá»§ cÃ´ng tinh xáº£o. nhÃ©!
handmade_packaging_option,GÃ³i mÃ³n quÃ  thá»§ cÃ´ng tinh xáº£o. ğŸ˜Š
handmade_packaging_option,GÃ³i quÃ  táº·ng thá»§ cÃ´ng tinh xáº£o.!
handmade_packaging_option,GÃ³i mÃ³n quÃ  thá»§ cÃ´ng tinh xáº£o.!
handmade_packaging_option,GÃ³i quÃ  thá»§ cÃ´ng tinh xáº£o.
handmade_packaging_option,GÃ³i táº·ng pháº©m thá»§ cÃ´ng tinh xáº£o. ğŸ˜Š
product_recommendation_based_on_interest,MÃ¬nh cÃ³ thá»ƒ gá»£i Ã½ sáº£n pháº©m dá»±a trÃªn sá»Ÿ thÃ­ch cá»§a báº¡n.
product_recommendation_based_on_interest,MÃ¬nh cÃ³ thá»ƒ gá»£i Ã½ Ä‘á»“ dá»±a trÃªn sá»Ÿ thÃ­ch cá»§a báº¡n.!
product_recommendation_based_on_interest,MÃ¬nh cÃ³ thá»ƒ gá»£i Ã½ máº·t hÃ ng dá»±a trÃªn sá»Ÿ thÃ­ch cá»§a báº¡n.!
product_recommendation_based_on_interest,MÃ¬nh cÃ³ thá»ƒ gá»£i Ã½ máº·t hÃ ng dá»±a trÃªn sá»Ÿ thÃ­ch cá»§a báº¡n. nhÃ©!
product_recommendation_based_on_interest,MÃ¬nh cÃ³ thá»ƒ gá»£i Ã½ Ä‘á»“ dá»±a trÃªn sá»Ÿ thÃ­ch cá»§a báº¡n. nhÃ©!
new_product_alert,"Sáº£n pháº©m má»›i vá»«a vá», báº¡n cÃ³ muá»‘n xem khÃ´ng?!"
new_product_alert,"Sáº£n pháº©m má»›i vá»«a vá», báº¡n cÃ³ muá»‘n xem khÃ´ng?"
new_product_alert,"Sáº£n pháº©m má»›i vá»«a vá», báº¡n cÃ³ muá»‘n xem khÃ´ng? nhÃ©!"
new_product_alert,"Sáº£n pháº©m má»›i vá»«a vá», báº¡n cÃ³ muá»‘n xem khÃ´ng? ğŸ˜Š"
special_discount_code,Báº¡n cÃ³ thá»ƒ sá»­ dá»¥ng mÃ£ giáº£m chi phÃ­ Ä‘áº·c biá»‡t nÃ y khi thanh toÃ¡n. nhÃ©!
special_discount_code,Báº¡n cÃ³ thá»ƒ sá»­ dá»¥ng mÃ£ giáº£m má»©c giÃ¡ Ä‘áº·c biá»‡t nÃ y khi thanh toÃ¡n.!
special_discount_code,Báº¡n cÃ³ thá»ƒ sá»­ dá»¥ng mÃ£ giáº£m giÃ¡ Ä‘áº·c biá»‡t nÃ y khi thanh toÃ¡n.
special_discount_code,Báº¡n cÃ³ thá»ƒ sá»­ dá»¥ng mÃ£ giáº£m má»©c giÃ¡ Ä‘áº·c biá»‡t nÃ y khi thanh toÃ¡n. nhÃ©!
gift_inspiration_for_relatives,"Gá»£i Ã½ quÃ  táº·ng táº·ng cho há» hÃ ng, anh chá»‹ em, chÃ¡u cháº¯t... nhÃ©!"
gift_inspiration_for_relatives,"Gá»£i Ã½ táº·ng pháº©m táº·ng cho há» hÃ ng, anh chá»‹ em, chÃ¡u cháº¯t... ğŸ˜Š"
gift_inspiration_for_relatives,"Gá»£i Ã½ quÃ  táº·ng táº·ng cho há» hÃ ng, anh chá»‹ em, chÃ¡u cháº¯t... ğŸ˜Š"
gift_inspiration_for_relatives,"Gá»£i Ã½ quÃ  táº·ng cho há» hÃ ng, anh chá»‹ em, chÃ¡u cháº¯t..."
gift_inspiration_for_relatives,"Gá»£i Ã½ quÃ  táº·ng táº·ng cho há» hÃ ng, anh chá»‹ em, chÃ¡u cháº¯t...!"
gift_for_anniversary_couple,"Gá»£i Ã½ mÃ³n quÃ  cho cáº·p Ä‘Ã´i ká»· niá»‡m 1 nÄƒm, 5 nÄƒm, 10 nÄƒm... ğŸ˜Š"
gift_for_anniversary_couple,"Gá»£i Ã½ mÃ³n quÃ  cho cáº·p Ä‘Ã´i ká»· niá»‡m 1 nÄƒm, 5 nÄƒm, 10 nÄƒm... nhÃ©!"
gift_for_anniversary_couple,"Gá»£i Ã½ quÃ  táº·ng cho cáº·p Ä‘Ã´i ká»· niá»‡m 1 nÄƒm, 5 nÄƒm, 10 nÄƒm... ğŸ˜Š"
gift_for_anniversary_couple,"Gá»£i Ã½ quÃ  cho cáº·p Ä‘Ã´i ká»· niá»‡m 1 nÄƒm, 5 nÄƒm, 10 nÄƒm..."
gift_for_anniversary_couple,"Gá»£i Ã½ quÃ  táº·ng cho cáº·p Ä‘Ã´i ká»· niá»‡m 1 nÄƒm, 5 nÄƒm, 10 nÄƒm... nhÃ©!"
gift_for_wedding_guests,Gá»£i Ã½ quÃ  táº·ng táº·ng cho khÃ¡ch má»i trong lá»… cÆ°á»›i. nhÃ©!
gift_for_wedding_guests,Gá»£i Ã½ táº·ng pháº©m táº·ng cho khÃ¡ch má»i trong lá»… cÆ°á»›i. nhÃ©!
gift_for_wedding_guests,Gá»£i Ã½ quÃ  táº·ng cho khÃ¡ch má»i trong lá»… cÆ°á»›i.
gift_for_wedding_guests,Gá»£i Ã½ mÃ³n quÃ  táº·ng cho khÃ¡ch má»i trong lá»… cÆ°á»›i. nhÃ©!
gift_for_wedding_guests,Gá»£i Ã½ quÃ  táº·ng táº·ng cho khÃ¡ch má»i trong lá»… cÆ°á»›i.!
gift_for_wedding_guests,Gá»£i Ã½ táº·ng pháº©m táº·ng cho khÃ¡ch má»i trong lá»… cÆ°á»›i. ğŸ˜Š
gift_for_company_event,Gá»£i Ã½ quÃ  táº·ng táº·ng cho sá»± kiá»‡n cÃ´ng ty. nhÃ©!
gift_for_company_event,Gá»£i Ã½ táº·ng pháº©m táº·ng cho sá»± kiá»‡n cÃ´ng ty.!
gift_for_company_event,Gá»£i Ã½ táº·ng pháº©m táº·ng cho sá»± kiá»‡n cÃ´ng ty. nhÃ©!
gift_for_company_event,Gá»£i Ã½ quÃ  táº·ng cho sá»± kiá»‡n cÃ´ng ty.
gift_for_company_event,Gá»£i Ã½ quÃ  táº·ng táº·ng cho sá»± kiá»‡n cÃ´ng ty. ğŸ˜Š
gift_for_company_event,Gá»£i Ã½ mÃ³n quÃ  táº·ng cho sá»± kiá»‡n cÃ´ng ty. nhÃ©!
gift_for_team_building,QuÃ  táº·ng cho Ä‘á»“ng nghiá»‡p trong hoáº¡t Ä‘á»™ng team building. ğŸ˜Š
gift_for_team_building,QuÃ  táº·ng cho Ä‘á»“ng nghiá»‡p trong hoáº¡t Ä‘á»™ng team building.
gift_for_team_building,QuÃ  táº·ng cho Ä‘á»“ng nghiá»‡p trong hoáº¡t Ä‘á»™ng team building. nhÃ©!
gift_for_team_building,QuÃ  táº·ng cho Ä‘á»“ng nghiá»‡p trong hoáº¡t Ä‘á»™ng team building.!
gift_for_special_occasions,"Gá»£i Ã½ táº·ng pháº©m cho cÃ¡c dá»‹p Ä‘áº·c biá»‡t nhÆ° khai trÆ°Æ¡ng, tá»‘t nghiá»‡p, thÄƒng chá»©c... nhÃ©!"
gift_for_special_occasions,"Gá»£i Ã½ quÃ  cho cÃ¡c dá»‹p Ä‘áº·c biá»‡t nhÆ° khai trÆ°Æ¡ng, tá»‘t nghiá»‡p, thÄƒng chá»©c..."
gift_for_special_occasions,"Gá»£i Ã½ quÃ  táº·ng cho cÃ¡c dá»‹p Ä‘áº·c biá»‡t nhÆ° khai trÆ°Æ¡ng, tá»‘t nghiá»‡p, thÄƒng chá»©c...!"
gift_for_special_occasions,"Gá»£i Ã½ táº·ng pháº©m cho cÃ¡c dá»‹p Ä‘áº·c biá»‡t nhÆ° khai trÆ°Æ¡ng, tá»‘t nghiá»‡p, thÄƒng chá»©c...!"
intent,response
intent,response nhÃ©!
intent,response ğŸ˜Š
intent,response!
greeting,ChÃ o báº¡n! MÃ¬nh cÃ³ thá»ƒ giÃºp gÃ¬ nÃ¨ ğŸ˜Š nhÃ©!
greeting,ChÃ o báº¡n! MÃ¬nh cÃ³ thá»ƒ giÃºp gÃ¬ nÃ¨ ğŸ˜Š
greeting,ChÃ o báº¡n! MÃ¬nh cÃ³ thá»ƒ giÃºp gÃ¬ nÃ¨ ğŸ˜Š ğŸ˜Š
greeting,ChÃ o báº¡n! MÃ¬nh cÃ³ thá»ƒ giÃºp gÃ¬ nÃ¨ ğŸ˜Š!
thanks,Ráº¥t vui khi Ä‘Æ°á»£c giÃºp báº¡n! nhÃ©!
thanks,Ráº¥t vui khi Ä‘Æ°á»£c giÃºp báº¡n!!
thanks,Ráº¥t vui khi Ä‘Æ°á»£c giÃºp báº¡n!
thanks,Ráº¥t vui khi Ä‘Æ°á»£c giÃºp báº¡n! ğŸ˜Š
goodbye,Háº¹n gáº·p láº¡i nhÃ© ğŸ‘‹ nhÃ©!
goodbye,Háº¹n gáº·p láº¡i nhÃ© ğŸ‘‹!
goodbye,Háº¹n gáº·p láº¡i nhÃ© ğŸ‘‹
goodbye,Háº¹n gáº·p láº¡i nhÃ© ğŸ‘‹ ğŸ˜Š
find_product,ÄÃ¢y lÃ  nhá»¯ng máº·t hÃ ng mÃ¬nh tÃ¬m Ä‘Æ°á»£c nÃ¨ ğŸ’ ğŸ˜Š
find_product,ÄÃ¢y lÃ  nhá»¯ng Ä‘á»“ mÃ¬nh tÃ¬m Ä‘Æ°á»£c nÃ¨ ğŸ’!
find_product,ÄÃ¢y lÃ  nhá»¯ng sáº£n pháº©m mÃ¬nh tÃ¬m Ä‘Æ°á»£c nÃ¨ ğŸ’
find_product,ÄÃ¢y lÃ  nhá»¯ng mÃ³n hÃ ng mÃ¬nh tÃ¬m Ä‘Æ°á»£c nÃ¨ ğŸ’ nhÃ©!
find_product,ÄÃ¢y lÃ  nhá»¯ng máº·t hÃ ng mÃ¬nh tÃ¬m Ä‘Æ°á»£c nÃ¨ ğŸ’ nhÃ©!
unknown,MÃ¬nh chÆ°a hiá»ƒu láº¯m báº¡n nÃ³i rÃµ hÆ¡n Ä‘Æ°á»£c khÃ´ng?!
unknown,MÃ¬nh chÆ°a hiá»ƒu láº¯m báº¡n nÃ³i rÃµ hÆ¡n Ä‘Æ°á»£c khÃ´ng? nhÃ©!
unknown,MÃ¬nh chÆ°a hiá»ƒu láº¯m báº¡n nÃ³i rÃµ hÆ¡n Ä‘Æ°á»£c khÃ´ng? ğŸ˜Š
unknown,MÃ¬nh chÆ°a hiá»ƒu láº¯m báº¡n nÃ³i rÃµ hÆ¡n Ä‘Æ°á»£c khÃ´ng?
